UBIGEO,NOMBDEP,Regi√≥n,Cluster,baseline_pred_ha,scenario,scenario_pred_ha,delta_ha,pct_delta
100403,HUANUCO,SIERRA,1,60.37151138740654,bad,79.80788803526464,19.436376647858097,0.32194616634879397
220705,SAN MARTIN,SELVA,1,70.51041486226077,bad,48.1245833448186,-22.38583151744217,-0.3174826238247496
160702,LORETO,SELVA,4,626.0353043111847,bad,690.3618771244277,64.32657281324293,0.10275230864818445
220902,SAN MARTIN,SELVA,1,20.48369167985774,bad,19.79785553526048,-0.685836144597257,-0.033482057595685316
10521,AMAZONAS,SIERRA,1,3.612510815215094,bad,2.4227895462198847,-1.1897212689952092,-0.32933362136505373
100502,HUANUCO,SIERRA,1,3.374263000337887,bad,3.8311945029369405,0.45693150259905346,0.13541668285883404
160110,LORETO,SELVA,1,279.3331447883818,bad,220.1010090874541,-59.2321357009277,-0.21204836162855287
160803,LORETO,SELVA,4,517.905785477569,bad,491.9454136679437,-25.960371809625315,-0.05012566481698375
220601,SAN MARTIN,SELVA,4,267.0562948479158,bad,264.0231803221498,-3.0331145257659955,-0.0113575848399054
120205,JUNIN,SIERRA,1,2.1469983351368094,bad,2.3584527575884375,0.21145442245162815,0.09848839609750047
220405,SAN MARTIN,SELVA,1,50.41443630046538,bad,47.358526653070136,-3.0559096473952465,-0.06061576547602967
220403,SAN MARTIN,SELVA,1,17.848958002274134,bad,38.5641042498031,20.715146247528967,1.1605801439439576
100103,HUANUCO,SIERRA,1,207.53103740690318,bad,200.70718262219913,-6.823854784704054,-0.03288112886615903
100802,HUANUCO,SIERRA,4,339.2489589235381,bad,309.2590781227249,-29.98988080081324,-0.08840080422346272
250103,UCAYALI,SELVA,5,2060.2409046099533,bad,2099.117978108327,38.87707349837365,0.018870159024307834
190308,PASCO,SELVA,5,2434.6335554589396,bad,2613.025427860783,178.39187240184356,0.07327257607283569
100905,HUANUCO,SELVA,3,2689.398828628509,bad,2655.50740223502,-33.89142639348893,-0.012601859580184418
160202,LORETO,SELVA,5,1313.8859400522244,bad,1391.4898548623821,77.60391481015768,0.05906442290346228
220304,SAN MARTIN,SELVA,1,96.93012996287563,bad,95.07061593570933,-1.8595140271662984,-0.019184066170947
210308,PUNO,SIERRA,1,20.691066248888617,bad,18.92944385336411,-1.7616223955245083,-0.08513927577894304
160206,LORETO,SELVA,4,543.9239834813159,bad,503.3689714288023,-40.555012052513575,-0.07456007325315278
160305,LORETO,SELVA,4,635.9710243558338,bad,650.987435765634,15.016411409800185,0.02361178549763348
160205,LORETO,SELVA,4,542.2316803786364,bad,530.5645009239711,-11.667179454665302,-0.021516963830881655
10103,AMAZONAS,SIERRA,1,21.33007403820582,bad,18.16562527689678,-3.164448761309039,-0.14835620146657574
220511,SAN MARTIN,SELVA,1,31.203141768774543,bad,29.046665332427946,-2.1564764363465976,-0.06911087519092761
190107,PASCO,SIERRA,1,42.31728844106017,bad,43.77274136493213,1.4554529238719596,0.03439381343866408
220303,SAN MARTIN,SELVA,2,401.2808277186221,bad,434.5240448686918,33.24321715006971,0.08284277457028133
220507,SAN MARTIN,SELVA,1,8.306760057592683,bad,7.7764243276680185,-0.5303357299246647,-0.06384387249032412
60812,CAJAMARCA,SELVA,1,90.5486039371882,bad,88.97975268330754,-1.5688512538806663,-0.017326067831691227
10514,AMAZONAS,SIERRA,1,34.56015898665588,bad,32.11338344447994,-2.446775542175935,-0.070797577728756
250204,UCAYALI,SELVA,1,243.03963865139315,bad,262.0164323838001,18.976793732406975,0.07808106462677296
10601,AMAZONAS,SELVA,1,16.451249307243025,bad,15.066885292886587,-1.3843640143564375,-0.08414947634079928
200301,PIURA,SIERRA,1,3.8894520414739286,bad,3.017241351498622,-0.8722106899753066,-0.22425027501940292
220704,SAN MARTIN,SELVA,1,14.94259297936354,bad,13.987860620956255,-0.954732358407286,-0.06389335236031782
220710,SAN MARTIN,SELVA,4,423.8243530296656,bad,473.02073625672006,49.19638322705447,0.11607729210315333
80404,CUSCO,SIERRA,1,2.2544209746750847,bad,1.8763698924725607,-0.37805108220252404,-0.16769320657026363
220702,SAN MARTIN,SELVA,1,73.04038808258277,bad,57.83029617873473,-15.210091903848038,-0.2082422109621162
10515,AMAZONAS,SIERRA,1,10.38904034541236,bad,10.673025133901255,0.28398478848889575,0.02733503567673592
10504,AMAZONAS,SIERRA,1,5.964844574921456,bad,5.7202902127713235,-0.24455436215013204,-0.04099928490648934
10603,AMAZONAS,SELVA,1,70.53108173484193,bad,61.653168217996296,-8.877913516845638,-0.1258723572427502
100505,HUANUCO,SIERRA,1,39.89074053217907,bad,38.85322433779949,-1.0375161943795845,-0.026008947954792683
220909,SAN MARTIN,SELVA,1,61.71722383408633,bad,64.55043480000171,2.8332109659153772,0.04590632549402844
220914,SAN MARTIN,SELVA,1,90.36056223904494,bad,143.78525934298125,53.42469710393631,0.5912390956864965
220509,SAN MARTIN,SELVA,1,4.886802293676036,bad,4.869841338708193,-0.016960954967842667,-0.0034707675794029315
160603,LORETO,SELVA,4,541.7519041270417,bad,563.7988501189327,22.046945991890993,0.04069565021172671
190304,PASCO,SELVA,5,2428.604070654437,bad,2681.536010268479,252.93193961404222,0.1041470458978044
211204,PUNO,SIERRA,1,5.795165249956382,bad,4.2283682222403804,-1.5667970277160013,-0.27036278693308946
50409,AYACUCHO,SIERRA,1,142.05015799136973,bad,144.25860330595526,2.208445314585532,0.015546940220367135
100801,HUANUCO,SIERRA,1,124.15794407725838,bad,117.54548043478961,-6.612463642468768,-0.053258482102072374
100804,HUANUCO,SIERRA,1,1.187951895060302,bad,1.3836837817959058,0.1957318867356037,0.16476415210875867
10501,AMAZONAS,SIERRA,1,0.6780265288776708,bad,0.5701219293496569,-0.1079045995280139,-0.15914509968603602
80901,CUSCO,SELVA,1,17.051275941065974,bad,20.14594384592871,3.0946679048627352,0.181491866975749
120706,JUNIN,SIERRA,1,3.5672852495061913,bad,4.032202895267375,0.46491764576118344,0.13032813841437002
170302,MADRE DE DIOS,SELVA,5,2173.3746887040425,bad,2169.5056025342615,-3.869086169780985,-0.0017802204975931118
80914,CUSCO,SELVA,2,1205.616369612759,bad,1171.8020389248065,-33.814330687952406,-0.02804733872252704
120306,JUNIN,SELVA,1,55.15106535036902,bad,59.74844154888134,4.597376198512322,0.08335969884363369
120606,JUNIN,SELVA,5,2386.1600810877435,bad,2712.465875275562,326.3057941878187,0.13674933076538207
10611,AMAZONAS,SELVA,1,5.911002916202995,bad,4.814650871853599,-1.0963520443493957,-0.1854764851061266
120305,JUNIN,SELVA,1,123.93887186247528,bad,125.20755559190042,1.2686837294251347,0.010236366608475251
170101,MADRE DE DIOS,SELVA,5,2069.54806884867,bad,2026.0986420460297,-43.449426802640346,-0.020994644896947048
220603,SAN MARTIN,SELVA,5,1600.4358475054696,bad,1732.3973281541948,131.96148064872523,0.0824534646948879
10518,AMAZONAS,SIERRA,1,60.14731901275091,bad,52.49414967976781,-7.653169332983104,-0.12724040669810524
10705,AMAZONAS,SELVA,1,76.42490437196983,bad,77.2955150352573,0.8706106632874651,0.011391714133524997
60802,CAJAMARCA,SELVA,1,88.18140808742922,bad,87.00290148092742,-1.1785066065017986,-0.013364570061450422
60811,CAJAMARCA,SELVA,1,118.37678321706218,bad,214.0216038960793,95.64482067901713,0.8079694183245166
60904,CAJAMARCA,SELVA,1,130.7586590457692,bad,179.26628514497568,48.507626099206476,0.3709706603998397
210307,PUNO,SIERRA,1,18.25633246424826,bad,20.85602158409767,2.599689119849412,0.1423993085654216
220707,SAN MARTIN,SELVA,1,36.66421759567655,bad,48.94805485375205,12.2838372580755,0.3350361214178484
211201,PUNO,SIERRA,1,21.005184312645483,bad,27.032725426305063,6.027541113659581,0.2869549261717688
50408,AYACUCHO,SELVA,1,182.45691898878374,bad,266.8600364345887,84.40311744580498,0.46259203495041773
50502,AYACUCHO,SIERRA,1,100.06599080841612,bad,84.96685794215031,-15.099132866265805,-0.1508917539743771
50509,AYACUCHO,SELVA,1,42.939347242102876,bad,50.6956076711552,7.756260429052325,0.1806329375553981
211207,PUNO,SELVA,1,71.11923488312581,bad,77.83689483750987,6.717659954384061,0.09445630236916307
220104,SAN MARTIN,SELVA,4,242.6652238858326,bad,250.11699864113595,7.451774755303347,0.030708045578089118
50510,AYACUCHO,SIERRA,1,66.01835553675095,bad,41.03486542148982,-24.983490115261127,-0.37843248157481557
10605,AMAZONAS,SELVA,4,198.9253544055099,bad,208.03678126371767,9.111426858207778,0.04580324557137201
160113,LORETO,SELVA,2,973.9872115503608,bad,987.8564998169404,13.869288266579588,0.014239702638911358
160101,LORETO,SELVA,1,103.67509958469579,bad,104.74588192703621,1.0707823423404221,0.01032824995230087
220305,SAN MARTIN,SELVA,1,10.964116732020575,bad,11.022778452017624,0.05866171999704939,0.005350337052297931
220801,SAN MARTIN,SELVA,1,96.74384733879228,bad,96.78496415082876,0.04111681203647777,0.0004250069970081785
220102,SAN MARTIN,SELVA,1,61.793470384056846,bad,53.23808883089596,-8.555381553160885,-0.1384512230821112
220803,SAN MARTIN,SELVA,1,60.45916172038466,bad,72.17032452208917,11.711162801704518,0.19370369135892163
220504,SAN MARTIN,SELVA,2,1102.797918306004,bad,1221.3459284791813,118.54801017317732,0.10749749179367117
10706,AMAZONAS,SELVA,1,58.39351963977481,bad,73.2696613050716,14.876141665296785,0.2547567222710084
220510,SAN MARTIN,SELVA,4,147.14419817895435,bad,176.4380070959966,29.29380891704224,0.1990823238672013
220101,SAN MARTIN,SELVA,3,1977.0025400365366,bad,2020.0201525023542,43.01761246581759,0.021759007181155463
160701,LORETO,SELVA,4,601.5810800476462,bad,575.0258478823898,-26.55523216525637,-0.04414239916447032
80907,CUSCO,SELVA,4,206.9025606264323,bad,313.0080854772101,106.10552485077781,0.5128284760204296
80910,CUSCO,SELVA,4,454.4039493677798,bad,536.1384252803965,81.73447591261674,0.17987184316143237
50511,AYACUCHO,SIERRA,1,13.456629070177883,bad,25.207717147837585,11.751088077659702,0.8732564460517128
50407,AYACUCHO,SELVA,1,195.0278798324606,bad,200.30055302203846,5.2726731895778585,0.02703548433232914
190303,PASCO,SELVA,4,290.3288744204236,bad,293.5203302762424,3.1914558558188446,0.010992554089529916
190305,PASCO,SELVA,1,171.36368715840038,bad,382.4430439863543,211.07935682795394,1.2317624598777588
190306,PASCO,SELVA,3,2607.586537208972,bad,2604.416593793826,-3.169943415146008,-0.0012156618274839516
220911,SAN MARTIN,SELVA,1,336.49826948345776,bad,329.1481434886022,-7.350125994855546,-0.02184298304457366
10612,AMAZONAS,SELVA,4,277.26672422581345,bad,306.7483424893771,29.481618263563632,0.1063294499038154
220506,SAN MARTIN,SELVA,4,318.31973760778186,bad,349.53793682407786,31.218199216296,0.09807183007533624
160502,LORETO,SELVA,1,339.6392155649807,bad,328.94056268979784,-10.698652875182859,-0.03150005177519309
220602,SAN MARTIN,SELVA,2,913.8925697328634,bad,942.7471531195157,28.85458338665228,0.031573277146882434
10520,AMAZONAS,SIERRA,1,60.88144015384878,bad,32.85687001576202,-28.02457013808676,-0.4603138504488073
220703,SAN MARTIN,SELVA,1,19.15823712428302,bad,21.812793150766705,2.654556026483686,0.1385595140754909
220205,SAN MARTIN,SELVA,1,94.01445024586465,bad,94.46390760730327,0.44945736143861836,0.004780726369863428
160606,LORETO,SELVA,2,697.195470574783,bad,721.6054282837382,24.409957708955176,0.035011641267306395
10604,AMAZONAS,SELVA,1,13.140446944540171,bad,11.473632659657332,-1.6668142848828396,-0.12684608764965924
10109,AMAZONAS,SIERRA,1,4.611609302456468,bad,3.330187062441865,-1.2814222400146034,-0.2778687776807171
10303,AMAZONAS,SELVA,1,6.37154543955755,bad,7.067136571219805,0.6955911316622556,0.1091714935192487
10118,AMAZONAS,SIERRA,1,2.220602005292508,bad,1.0770308299315023,-1.1435711753610058,-0.5149825014277465
10505,AMAZONAS,SIERRA,1,41.09362472262807,bad,34.79434011200044,-6.29928461062763,-0.15329104339532623
120601,JUNIN,SELVA,2,614.9432489321958,bad,601.6598144466363,-13.283434485559496,-0.021601073771645128
160703,LORETO,SELVA,4,582.7086268888075,bad,595.0628116950629,12.354184806255375,0.021201307542359073
160403,LORETO,SELVA,2,785.2542372140185,bad,1037.3045776465635,252.050340432545,0.32097928096101375
10607,AMAZONAS,SELVA,1,72.77121737047521,bad,71.75672167407998,-1.0144956963952296,-0.013940892196848579
10101,AMAZONAS,SIERRA,1,2.19326721385122,bad,1.8132580008867656,-0.38000921296445433,-0.17326170316346698
100507,HUANUCO,SELVA,4,400.34792761122725,bad,397.71273519627005,-2.635192414957203,-0.006582255666166966
10112,AMAZONAS,SIERRA,1,7.2330786305032335,bad,6.927269771876379,-0.3058088586268548,-0.042279211142154896
10508,AMAZONAS,SIERRA,1,2.640373778721642,bad,1.7871827766211852,-0.853191002100457,-0.32313265984391654
250202,UCAYALI,SELVA,2,1255.2599580142314,bad,1247.4984222571552,-7.761535757076217,-0.006183209866229336
120304,JUNIN,SELVA,1,124.77248040249015,bad,131.53939486342284,6.766914460932696,0.05423403012510478
170104,MADRE DE DIOS,SELVA,2,1831.029740597184,bad,1792.062167361477,-38.96757323570705,-0.021281780613240018
120504,JUNIN,SIERRA,1,118.51017202031082,bad,137.42278117651685,18.91260915620603,0.15958637839935547
10507,AMAZONAS,SIERRA,1,4.8481322757034215,bad,4.0795924276956095,-0.768539848007812,-0.1585228711393407
220912,SAN MARTIN,SELVA,1,16.5373169370806,bad,16.814385647245174,0.27706871016457413,0.016754151306329512
120301,JUNIN,SELVA,1,157.8540746801874,bad,158.6711363975681,0.8170617173806818,0.005176057184688137
10307,AMAZONAS,SELVA,1,16.619859752602725,bad,11.668719616626394,-4.951140135976331,-0.29790504912058396
10506,AMAZONAS,SIERRA,1,13.1566217890197,bad,11.806581042437067,-1.3500407465826338,-0.10261302393820848
220106,SAN MARTIN,SELVA,1,38.320893905145375,bad,32.9424454498434,-5.378448455301978,-0.14035289648031435
60808,CAJAMARCA,SELVA,1,10.84902627367214,bad,10.301072929745235,-0.5479533439269044,-0.05050714507500544
10108,AMAZONAS,SIERRA,1,0.5854947314051432,bad,0.5494574458936494,-0.036037285511493766,-0.061550144823689534
10105,AMAZONAS,SIERRA,1,21.94859406424601,bad,19.760956689574172,-2.187637374671837,-0.09967095697648679
10309,AMAZONAS,SELVA,1,13.033319006090707,bad,12.46614446999925,-0.5671745360914571,-0.04351727567064123
220806,SAN MARTIN,SELVA,1,36.46282806487659,bad,33.346789850957876,-3.1160382139187135,-0.08545794112224356
250104,UCAYALI,SELVA,5,2020.9811873391004,bad,2059.765247392757,38.7840600536565,0.019190708105858743
221002,SAN MARTIN,SELVA,4,631.7776006061149,bad,720.8646486780739,89.08704807195898,0.14101014025582836
10308,AMAZONAS,SIERRA,1,5.670425296262487,bad,3.025846675230047,-2.6445786210324402,-0.4663810001651102
10707,AMAZONAS,SELVA,1,10.95588449124772,bad,12.271994866238987,1.3161103749912684,0.12012817185528597
10401,AMAZONAS,SELVA,5,1576.4719238596563,bad,1485.9814042842852,-90.49051957537108,-0.05740065408448524
10517,AMAZONAS,SIERRA,1,16.69602662387094,bad,16.603815415626958,-0.09221120824398099,-0.005522943291917321
10703,AMAZONAS,SELVA,1,52.86710808088402,bad,46.184262314530486,-6.682845766353537,-0.12640838526913784
220903,SAN MARTIN,SELVA,1,8.396317164570625,bad,8.607473585570087,0.21115642099946186,0.02514869517917503
200307,PIURA,SIERRA,1,30.015286327212024,bad,33.13328338693511,3.1179970597230877,0.10388030371365455
211005,PUNO,SIERRA,1,9.614090159554117,bad,8.284387151328025,-1.329703008226092,-0.1383077323135652
211206,PUNO,SIERRA,1,3.503072884402151,bad,3.069853043815886,-0.43321984058626484,-0.12366852043393894
250203,UCAYALI,SELVA,5,1834.2298344954952,bad,2254.056031922561,419.82619742706584,0.22888418317682582
100104,HUANUCO,SIERRA,1,15.131719159576125,bad,12.046334257741496,-3.0853849018346295,-0.20390180846583056
100311,HUANUCO,SIERRA,1,39.26833636988461,bad,34.12097574522814,-5.147360624656471,-0.1310817085850382
120403,JUNIN,SIERRA,1,22.9940733055085,bad,14.618889314114531,-8.37518399139397,-0.3642322906480252
120206,JUNIN,SIERRA,1,18.75472524128595,bad,13.028224271667256,-5.726500969618694,-0.30533643633512636
100401,HUANUCO,SIERRA,1,23.09812776691429,bad,17.189093616667904,-5.909034150246384,-0.2558230783843214
60806,CAJAMARCA,SELVA,1,6.867916240278735,bad,6.4644543952077305,-0.40346184507100435,-0.058745888993927194
160509,LORETO,SELVA,1,115.54766190586928,bad,109.17255569906013,-6.37510620680915,-0.055172957216586695
160508,LORETO,SELVA,1,179.67332374454244,bad,168.69548168389238,-10.977842060650062,-0.06109889788791483
220401,SAN MARTIN,SELVA,4,388.4557648961679,bad,381.8803104535861,-6.575454442581815,-0.016927164008852844
190302,PASCO,SIERRA,1,48.119723016727605,bad,86.1463095123922,38.02658649566459,0.7902494883947193
190301,PASCO,SELVA,1,140.35249737613077,bad,146.93835316137668,6.585855785245911,0.04692368079205938
190307,PASCO,SELVA,1,343.62925478343783,bad,421.88571891188514,78.2564641284473,0.22773516235620314
190102,PASCO,SIERRA,1,55.91325263204921,bad,49.69166310401972,-6.22158952802949,-0.11127218029994028
190110,PASCO,SIERRA,1,3.724269365401221,bad,3.9237453007408627,0.1994759353396418,0.05356109232935464
250201,UCAYALI,SELVA,3,3261.232466271886,bad,3265.4974688748416,4.265002602955519,0.0013077885882299902
160706,LORETO,SELVA,4,630.6185044456867,bad,693.97984617312,63.36134172743334,0.10047491673770012
160102,LORETO,SELVA,1,249.5461203658755,bad,237.10381945129558,-12.442300914579931,-0.04985972491312419
160106,LORETO,SELVA,4,821.3046906341783,bad,912.9437716672363,91.639081033058,0.11157744753935109
160304,LORETO,SELVA,4,631.5064017848729,bad,687.7525540046938,56.24615221982094,0.08906663821751976
160303,LORETO,SELVA,4,781.7229910225459,bad,737.3132627732821,-44.40972824926382,-0.05681005773051773
160107,LORETO,SELVA,4,890.2674053946947,bad,1017.8256369696542,127.55823157495945,0.14328080619598477
10104,AMAZONAS,SIERRA,1,4.401851844338177,bad,3.1553196731821975,-1.2465321711559794,-0.2831835816462825
10510,AMAZONAS,SIERRA,1,9.863835141009076,bad,8.942502337637361,-0.9213328033717154,-0.09340512997234283
10704,AMAZONAS,SELVA,1,39.804474021508,bad,48.68061679494173,8.876142773433727,0.22299359535909408
160505,LORETO,SELVA,4,518.9034056155853,bad,632.4619966077765,113.55859099219128,0.21884341047535524
60803,CAJAMARCA,SELVA,1,66.97218436007942,bad,75.42613293225816,8.453948572178732,0.12623074270245746
120209,JUNIN,SIERRA,1,1.1541715653291593,bad,1.345724655298849,0.19155308996968978,0.16596587173334199
10512,AMAZONAS,SIERRA,1,44.34302811455477,bad,37.097026783641844,-7.246001330912925,-0.16340790512081788
120303,JUNIN,SELVA,2,648.5663639898407,bad,683.1657066978053,34.599342707964524,0.05334742075601456
160511,LORETO,SELVA,4,360.3226987832922,bad,350.8068871158458,-9.515811667446371,-0.02640913741925939
160501,LORETO,SELVA,4,606.7376602627744,bad,614.4561856302981,7.718525367523739,0.012721355328727892
211205,PUNO,SIERRA,1,73.31947083532121,bad,59.159373220636745,-14.160097614684467,-0.19312874811233532
100903,HUANUCO,SELVA,5,1346.0807899227555,bad,1356.176161799951,10.095371877195475,0.007499826126910849
10509,AMAZONAS,SIERRA,1,1.7587874410161182,bad,0.8371629093624608,-0.9216245316536573,-0.5240113217554021
220808,SAN MARTIN,SELVA,1,30.693569813506713,bad,32.42216852264097,1.7285987091342605,0.0563179428016089
170102,MADRE DE DIOS,SELVA,3,2921.6180902249735,bad,2990.004499539159,68.38640931418558,0.023407032405429698
10305,AMAZONAS,SELVA,1,18.086026864860347,bad,17.33974369960229,-0.7462831652580562,-0.04126296896683387
160507,LORETO,SELVA,1,194.9157438653003,bad,224.0004516110871,29.0847077457868,0.1492168214276537
80408,CUSCO,SELVA,1,286.71341368752013,bad,147.6049959532584,-139.10841773426174,-0.48518280308249406
10511,AMAZONAS,SIERRA,1,6.4565284206987235,bad,7.382333106165474,0.9258046854667503,0.14339047629663498
170103,MADRE DE DIOS,SELVA,5,2053.795471750832,bad,2003.5543999318002,-50.24107181903173,-0.02446254873480752
120603,JUNIN,SELVA,1,71.414518202375,bad,68.85597637993689,-2.558541822438116,-0.035826634231259535
170303,MADRE DE DIOS,SELVA,2,1259.3976779840025,bad,1245.0700527669567,-14.327625217045806,-0.011376569504225975
10516,AMAZONAS,SIERRA,1,1.316984844805319,bad,0.9135841365985505,-0.40340070820676843,-0.3063062644934236
10107,AMAZONAS,SIERRA,1,4.139348973445387,bad,2.942338038926129,-1.1970109345192586,-0.2891785501049278
80903,CUSCO,SELVA,1,53.153764340933485,bad,54.29924240353482,1.1454780626013346,0.021550271684506205
10117,AMAZONAS,SIERRA,1,1.9830685630153706,bad,1.8991299840823082,-0.08393857893306245,-0.04232762320906796
10311,AMAZONAS,SELVA,1,8.683333832562361,bad,9.60921482052561,0.9258809879632484,0.10662736292496433
10120,AMAZONAS,SIERRA,1,6.3499991193260374,bad,4.81720087478846,-1.5327982445375774,-0.24138558379835842
10304,AMAZONAS,SIERRA,1,10.267061787122204,bad,7.695976031293988,-2.571085755828216,-0.25042079312828175
10519,AMAZONAS,SIERRA,1,3.7951455621351675,bad,2.4534778307224423,-1.3416677314127252,-0.35352207430428473
220901,SAN MARTIN,SELVA,1,7.674794266535321,bad,7.751319364311994,0.07652509777667316,0.009970964057023426
211209,PUNO,SELVA,4,231.09469628680606,bad,358.56409971889974,127.46940343209369,0.5515894803310175
10502,AMAZONAS,SELVA,1,52.47396390856473,bad,48.3337977940297,-4.1401661145350275,-0.07889943518940591
160604,LORETO,SELVA,5,1766.021750013706,bad,1640.8778961676621,-125.14385384604384,-0.07086201166269476
80906,CUSCO,SELVA,4,558.3031464488215,bad,824.3912412977468,266.08809484892527,0.47660146023074046
80905,CUSCO,SELVA,1,114.611569613645,bad,109.64627548543638,-4.965294128208626,-0.04332280017581651
81209,CUSCO,SIERRA,1,26.175075594438113,bad,27.36330833171356,1.1882327372754489,0.045395579966459924
81203,CUSCO,SELVA,4,713.0768306043739,bad,754.7205905140158,41.64375990964197,0.05840010237655103
90707,HUANCAVELICA,SIERRA,1,10.448634926179487,bad,9.079856306024379,-1.3687786201551084,-0.13100071251657736
210309,PUNO,SELVA,1,143.4861466318892,bad,156.17168055099688,12.685533919107684,0.0884094682091656
10608,AMAZONAS,SELVA,1,13.607369827824186,bad,12.164385634412483,-1.4429841934117036,-0.10604431360872597
81103,CUSCO,SIERRA,1,6.814199562477616,bad,7.513535872294816,0.6993363098172001,0.10262926751780134
10306,AMAZONAS,SIERRA,1,108.44020242627629,bad,98.81316561477747,-9.627036811498812,-0.08877737772616028
160211,LORETO,SELVA,2,910.5221811950582,bad,956.7879506786103,46.26576948355205,0.05081234750682112
60807,CAJAMARCA,SELVA,1,46.40288582745107,bad,41.3233892441565,-5.079496583294571,-0.10946510098925002
60804,CAJAMARCA,SELVA,1,62.438604163363074,bad,41.037080318169245,-21.40152384519383,-0.34276108718252773
60810,CAJAMARCA,SELVA,1,9.202675152429304,bad,8.34997784562985,-0.8526973067994543,-0.0926575471453386
60805,CAJAMARCA,SELVA,1,10.772321859601021,bad,10.702442968955776,-0.06987889064524566,-0.006486892199843145
170201,MADRE DE DIOS,SELVA,4,506.12081810267324,bad,527.750855984908,21.630037882234717,0.04273690610736107
60801,CAJAMARCA,SELVA,1,79.58447945850028,bad,60.41035729230558,-19.174122166194707,-0.2409279082637356
120607,JUNIN,SELVA,4,327.70816056831524,bad,305.16551736034006,-22.542643207975175,-0.06878877586960748
120708,JUNIN,SIERRA,1,2.164999871945936,bad,2.259940850293305,0.09494097834736914,0.04385264848169931
120704,JUNIN,SIERRA,1,23.036231318151913,bad,29.6455144817452,6.609283163593286,0.28690817835230514
120604,JUNIN,SELVA,4,671.1152704101181,bad,672.9676840426148,1.8524136324966776,0.0027602018821068827
100902,HUANUCO,SELVA,3,3044.837261399636,bad,3339.2502305889493,294.4129691893131,0.09669251388955309
100904,HUANUCO,SELVA,3,2407.2300071670993,bad,2093.118079393507,-314.11192777359247,-0.13048687779662935
250305,UCAYALI,SELVA,4,140.64877015744543,bad,136.522900848583,-4.125869308862434,-0.029334556599704655
250302,UCAYALI,SELVA,3,2707.8054397712926,bad,2753.0395797113506,45.23413994005796,0.016705092351051092
250304,UCAYALI,SELVA,5,294.68277858177174,bad,265.87937053455863,-28.80340804721311,-0.09774377785439685
250301,UCAYALI,SELVA,3,3377.805485056241,bad,3441.9041549852573,64.09866992901607,0.018976424253141624
250303,UCAYALI,SELVA,3,2773.173697942368,bad,2786.9466777145976,13.772979772229519,0.004966504544035145
100901,HUANUCO,SELVA,3,2759.9926940329856,bad,2670.7694679436963,-89.22322608928926,-0.03232734140281855
250106,UCAYALI,SELVA,5,3540.76492187836,bad,2925.9024062287413,-614.8625156496187,-0.17365245341490698
250102,UCAYALI,SELVA,5,1092.0367042564487,bad,921.5215788648381,-170.51512539161058,-0.15614413391691973
160601,LORETO,SELVA,5,1453.5940645115102,bad,1495.7014671431687,42.10740263165849,0.02896778657789096
170202,MADRE DE DIOS,SELVA,1,262.5883231476676,bad,285.8785764596885,23.290253312020866,0.08869493141522328
80908,CUSCO,SELVA,1,75.62303159200006,bad,75.60692059750215,-0.016110994497907427,-0.00021304348898400633
211210,PUNO,SELVA,2,839.2190278470716,bad,1166.148416352236,326.9293885051643,0.38956384168727365
120605,JUNIN,SIERRA,1,97.70545345539213,bad,102.84303080180327,5.137577346411135,0.05258229878393348
120419,JUNIN,SELVA,1,97.25352391675375,bad,98.42213461521729,1.1686106984635387,0.012016127039919255
170203,MADRE DE DIOS,SELVA,5,2776.591346146477,bad,2758.568560935963,-18.02278521051403,-0.006490975071116299
221005,SAN MARTIN,SELVA,4,516.3265980205845,bad,533.9193224037323,17.59272438314781,0.034072860957758445
211203,PUNO,SIERRA,1,102.05044445188061,bad,119.5618495112094,17.511405059328794,0.17159557857277014
220203,SAN MARTIN,SELVA,5,1163.1092209245767,bad,1141.3246121037557,-21.78460882082095,-0.018729632977635555
220206,SAN MARTIN,SELVA,1,19.336495463617297,bad,14.694490492400544,-4.642004971216753,-0.2400644408368076
220202,SAN MARTIN,SELVA,5,2398.5138901324494,bad,2470.9385723666473,72.42468223419792,0.030195648452216603
220605,SAN MARTIN,SELVA,4,328.3561356948672,bad,332.3856559451444,4.029520250277187,0.012271798246589537
220204,SAN MARTIN,SELVA,4,247.43069132061242,bad,245.81836137923673,-1.612329941375691,-0.006516289199089242
221001,SAN MARTIN,SELVA,4,466.29543884200086,bad,522.6131533736232,56.3177145316223,0.1207768934465279
170204,MADRE DE DIOS,SELVA,2,698.7012495881743,bad,710.6118009705294,11.910551382355152,0.017046701132101053
130807,LA LIBERTAD,SELVA,1,85.14104603221625,bad,130.54797882608986,45.40693279387361,0.5333142463001009
210303,PUNO,SIERRA,4,696.7228763191314,bad,690.1466380637578,-6.576238255373596,-0.00943881488450133
81101,CUSCO,SIERRA,1,20.22933434281763,bad,21.64516223775356,1.41582789493593,0.06998885237361337
81304,CUSCO,SIERRA,1,23.87264194096919,bad,27.41510775991386,3.5424658189446703,0.14839018771798546
250401,UCAYALI,SELVA,1,364.13829932667954,bad,432.43261312603454,68.294313799355,0.1875504826755015
160503,LORETO,SELVA,1,156.9470974839759,bad,136.67046044613167,-20.27663703784424,-0.12919408745303146
10609,AMAZONAS,SELVA,1,67.90498187561819,bad,62.187815405085466,-5.7171664705327245,-0.0841936233928297
10106,AMAZONAS,SIERRA,1,2.8495634676732724,bad,2.9411069273016723,0.09154345962839994,0.032125432778357124
130305,LA LIBERTAD,SIERRA,1,0.7847382991549708,bad,1.142347803954522,0.3576095047995512,0.45570543095021054
10701,AMAZONAS,SELVA,1,138.58623134808138,bad,130.88462538053807,-7.7016059675433155,-0.05557266326262604
160201,LORETO,SELVA,5,1489.3503566794416,bad,1481.1563784129598,-8.193978266481736,-0.005501713031949376
10204,AMAZONAS,SELVA,1,2.7163543969510653,bad,2.0347096918972696,-0.6816447050537957,-0.2509410060111812
160602,LORETO,SELVA,1,179.50583626250514,bad,180.40087167907126,0.8950354165661167,0.004986107611884206
100607,HUANUCO,SELVA,1,275.7814133315038,bad,308.32106054588087,32.539647214377055,0.11799071888598484
220913,SAN MARTIN,SELVA,1,36.23493163290703,bad,34.98054900474444,-1.2543826281625883,-0.03461804870699442
100702,HUANUCO,SIERRA,4,562.1503468977271,bad,303.2552227137274,-258.8951241839997,-0.4605442754108998
160103,LORETO,SELVA,4,836.9440307782003,bad,825.4222698570981,-11.521760921102214,-0.01376646525621211
60902,CAJAMARCA,SELVA,1,140.791426055464,bad,181.75214510594313,40.96071905047913,0.29093191395293405
60907,CAJAMARCA,SELVA,1,116.71205206369386,bad,121.11772313744696,4.405671073753098,0.037748210196396584
60901,CAJAMARCA,SELVA,1,135.00324130361915,bad,143.90384783090036,8.900606527281212,0.06592883579190484
60905,CAJAMARCA,SELVA,1,153.08981819327198,bad,155.0201879453612,1.9303697520892058,0.01260939345850005
60906,CAJAMARCA,SELVA,1,207.47317406425594,bad,194.28291406117995,-13.190260003075991,-0.06357573726129467
60903,CAJAMARCA,SELVA,1,157.08309965993416,bad,109.39426337595609,-47.68883628397808,-0.3035898603173646
10205,AMAZONAS,SELVA,2,1062.7633742680557,bad,1201.2022500860194,138.43887581796366,0.13026312269493576
10402,AMAZONAS,SELVA,4,568.8472744214886,bad,566.9188563387038,-1.9284180827847877,-0.003390045394426769
10403,AMAZONAS,SELVA,4,1217.0914776248587,bad,1213.1540108985314,-3.9374667263273295,-0.003235144439603878
120418,JUNIN,SIERRA,1,30.576813324323766,bad,16.39524063223257,-14.181572692091194,-0.4638015263941777
120602,JUNIN,SELVA,1,44.886739086544,bad,31.771271393651293,-13.115467692892704,-0.2921902539546344
221003,SAN MARTIN,SELVA,2,1379.0757726857976,bad,1472.5197456186552,93.4439729328576,0.06775840369588412
220709,SAN MARTIN,SELVA,4,273.8471786044045,bad,291.28005657597447,17.43287797156995,0.06365914763267735
10606,AMAZONAS,SELVA,1,18.61761316354785,bad,17.92156679894825,-0.6960463645996029,-0.03738644467930074
10111,AMAZONAS,SIERRA,1,3.1743748679661934,bad,1.9293266852335205,-1.245048182732673,-0.3922183845698001
220505,SAN MARTIN,SELVA,1,53.072523114248604,bad,44.02704793065131,-9.045475183597297,-0.1704361250005998
10602,AMAZONAS,SELVA,1,77.57343765789201,bad,67.31564045164579,-10.257797206246224,-0.13223337157603246
220708,SAN MARTIN,SELVA,2,359.08432277305195,bad,375.0215636973702,15.937240924318246,0.044383003973111027
220406,SAN MARTIN,SELVA,1,7.276261852646477,bad,10.284460791243953,3.0081989385974763,0.4134264268545191
220906,SAN MARTIN,SELVA,2,663.3548970322652,bad,650.4442232545573,-12.91067377770787,-0.01946269460807177
220503,SAN MARTIN,SELVA,2,1171.616946551297,bad,1202.3630776858986,30.746131134601683,0.026242477308905606
10513,AMAZONAS,SIERRA,1,64.91819962204289,bad,50.70845211802244,-14.209747504020449,-0.21888696215776673
220904,SAN MARTIN,SELVA,4,414.74544665631475,bad,429.94518940158747,15.199742745272715,0.03664836556450062
220103,SAN MARTIN,SELVA,1,32.44341123228384,bad,31.65596320011358,-0.7874480321702642,-0.024271431463615302
220502,SAN MARTIN,SELVA,4,153.33321495893446,bad,151.1210100614354,-2.212204897499049,-0.014427434382638618
10121,AMAZONAS,SIERRA,1,1.7893206801014985,bad,1.4918897371723054,-0.29743094292919303,-0.16622562195632892
220105,SAN MARTIN,SELVA,4,425.1528676805574,bad,487.1991511335137,62.04628345295629,0.14593876266542166
160504,LORETO,SELVA,1,360.90534301331076,bad,387.91740139287106,27.0120583795603,0.07484527148871846
160210,LORETO,SELVA,4,451.1119149064646,bad,442.3641076887392,-8.747807217725438,-0.019391656324438344
220805,SAN MARTIN,SELVA,4,284.24268369331924,bad,312.1660826993458,27.923399006026557,0.09823788124711849
10202,AMAZONAS,SELVA,1,324.9853232904237,bad,426.3373701593394,101.35204686891569,0.3118665355184125
10312,AMAZONAS,SELVA,4,524.4677941249075,bad,560.4873777651092,36.01958364020163,0.06867835173807295
160506,LORETO,SELVA,1,469.5436377777671,bad,500.20407780380157,30.66044002603445,0.06529838242754744
220907,SAN MARTIN,SELVA,4,1059.1134506851183,bad,1040.8307283163813,-18.28272236873704,-0.01726228890484804
220402,SAN MARTIN,SELVA,2,870.3646441522333,bad,944.7319978224377,74.36735367020447,0.08544390465520456
10522,AMAZONAS,SIERRA,1,2.271377603412545,bad,1.9288057207584433,-0.34257188265410177,-0.150821194212454
220905,SAN MARTIN,SELVA,1,102.00230018621205,bad,116.59065051454574,14.58835032833369,0.14301981721688312
130306,LA LIBERTAD,SIERRA,1,1.4135455281778306,bad,1.8869551348454343,0.4734096066676037,0.33490934478627316
220809,SAN MARTIN,SELVA,1,19.34027287250835,bad,18.117140964470344,-1.223131908038006,-0.06324274306267175
160605,LORETO,SELVA,2,895.6131656025965,bad,1082.432766270138,186.81960066754152,0.2085940759276841
10310,AMAZONAS,SELVA,1,42.87972715354391,bad,35.175376052433954,-7.704351101109957,-0.17967351036358473
10302,AMAZONAS,SIERRA,1,59.47846144521392,bad,41.64885801378406,-17.82960343142986,-0.29976571347348735
10301,AMAZONAS,SIERRA,1,13.565804225956814,bad,11.736810910814304,-1.82899331514251,-0.1348238029001564
220804,SAN MARTIN,SELVA,1,75.09445975524778,bad,104.5594792167346,29.46501946148682,0.39237274703780967
250101,UCAYALI,SELVA,5,2323.104423783736,bad,2136.733532010833,-186.37089177290272,-0.0802249308575431
250105,UCAYALI,SELVA,4,212.24932983955978,bad,208.10387431629334,-4.145455523266435,-0.01953106531078333
10503,AMAZONAS,SIERRA,1,20.319345432250632,bad,24.714862198318713,4.395516766068081,0.21632176984852902
10610,AMAZONAS,SELVA,1,4.587975493869839,bad,3.8987833267750176,-0.6891921670948218,-0.15021705499858848
160112,LORETO,SELVA,1,230.93129221388102,bad,222.5140717370329,-8.417220476848115,-0.03644902514576656
220807,SAN MARTIN,SELVA,1,18.931715223538774,bad,15.567519063095483,-3.3641961604432904,-0.17770160393393264
10702,AMAZONAS,SELVA,1,536.5576134532622,bad,545.5118361196921,8.954222666429928,0.01668827809338298
160301,LORETO,SELVA,4,944.215338659515,bad,897.9750006532033,-46.24033800631173,-0.04897223770158011
220701,SAN MARTIN,SELVA,1,59.03468884476488,bad,60.4270800134694,1.3923911687045205,0.023585983020354244
160404,LORETO,SELVA,5,938.3705989174236,bad,971.3704957775357,32.99989686011202,0.03516723232610147
160401,LORETO,SELVA,2,847.3920706732937,bad,813.4583014890486,-33.93376918424508,-0.040044945378451643
220201,SAN MARTIN,SELVA,1,35.57819351181161,bad,35.64782649329217,0.06963298148055941,0.0019571814813318707
220706,SAN MARTIN,SELVA,1,3.1885573114815133,bad,4.685603124009543,1.4970458125280293,0.4695056937309527
200303,PIURA,SIERRA,1,116.74584686115715,bad,97.78611118344826,-18.959735677708892,-0.16240180004225094
160302,LORETO,SELVA,1,471.19657099171405,bad,491.090087398496,19.89351640678194,0.04221914511158819
200206,PIURA,SIERRA,1,4.45353633450714,bad,11.550288726606201,7.096752392099061,1.593509485285122
10115,AMAZONAS,SIERRA,1,14.162414240459142,bad,13.549144520469273,-0.6132697199898693,-0.04330262549713327
160801,LORETO,SELVA,1,406.58601856232036,bad,407.250271872568,0.6642533102476591,0.0016337337732282209
200201,PIURA,SIERRA,1,62.786642560066134,bad,45.600849767593004,-17.18579279247313,-0.27371734005416815
120302,JUNIN,SELVA,2,592.8043866046434,bad,680.4217102540393,87.61732364939598,0.1478014090807163
220404,SAN MARTIN,SELVA,4,122.41853733644967,bad,115.06422653443457,-7.354310802015107,-0.06007514026901698
250107,UCAYALI,SELVA,1,299.770771815938,bad,289.77900709068876,-9.991764725249254,-0.033331350700809115
170301,MADRE DE DIOS,SELVA,2,1355.5944968122124,bad,1363.860112194971,8.265615382758597,0.006097409957178083
100803,HUANUCO,SIERRA,1,1.4176691549739664,bad,1.3988421218829912,-0.01882703309097522,-0.013280272780796274
220908,SAN MARTIN,SELVA,1,44.156723306944045,bad,41.31462134953765,-2.842101957406392,-0.06436396871321848
10113,AMAZONAS,SIERRA,1,1.7773454034908145,bad,1.521286788492776,-0.2560586149980384,-0.14406800979433917
220604,SAN MARTIN,SELVA,2,1090.6673266088194,bad,1190.810177766812,100.14285115799271,0.09181796200805245
220301,SAN MARTIN,SELVA,1,135.30396496758752,bad,164.23054917495858,28.926584207371064,0.2137896270393888
160804,LORETO,SELVA,1,261.9330439601575,bad,259.6701426846785,-2.262901275478953,-0.008639235589623285
160802,LORETO,SELVA,1,182.58582093143627,bad,182.6360760792673,0.050255147831023805,0.0002752412403912534
80911,CUSCO,SIERRA,1,44.215415684034596,bad,50.292710029466654,6.077294345432058,0.1374474094931208
80912,CUSCO,SIERRA,1,76.60731452803307,bad,61.32459722162487,-15.282717306408202,-0.19949423107392397
50411,AYACUCHO,SIERRA,1,61.76081187412186,bad,60.2892463299083,-1.4715655442135613,-0.02382684909021016
90718,HUANCAVELICA,SIERRA,1,30.299528664415156,bad,22.081125318544146,-8.21840334587101,-0.2712386531452219
50402,AYACUCHO,SIERRA,1,25.483222803405695,bad,20.8096419087794,-4.673580894626294,-0.1833983452831443
120609,JUNIN,SELVA,4,416.5008161016278,bad,476.32387687975773,59.82306077812996,0.14363251754957643
80913,CUSCO,SELVA,1,104.63228826531102,bad,113.68064443010805,9.048356164797028,0.08647766683505526
220910,SAN MARTIN,SELVA,1,6.394783804562185,bad,6.365807635060108,-0.028976169502077376,-0.004531219567017279
100704,HUANUCO,SIERRA,4,544.4826658477728,bad,685.4989988349955,141.01633298722277,0.2589914093365248
50406,AYACUCHO,SIERRA,1,0.9089976465414951,bad,0.8894797327254803,-0.019517913816014754,-0.021471907974982614
50505,AYACUCHO,SIERRA,1,38.61567875097555,bad,24.051702317232888,-14.56397643374266,-0.377151895416955
10110,AMAZONAS,SIERRA,1,11.572342804120506,bad,9.94588828065087,-1.6264545234696364,-0.14054669404457262
120203,JUNIN,SIERRA,1,28.5781480372438,bad,29.450100551700377,0.8719525144565772,0.030511162351046176
120608,JUNIN,SELVA,3,3311.935278984933,bad,3221.4894778816583,-90.44580110327479,-0.02730904848206916
80909,CUSCO,SIERRA,1,199.72573774331653,bad,200.5521015424082,0.8263637990916664,0.0041374927860008326
210304,PUNO,SIERRA,1,113.11878021221023,bad,176.34597634063857,63.227196128428346,0.5589451725859709
10206,AMAZONAS,SELVA,1,28.142876314072616,bad,33.904470909465104,5.761594595392488,0.2047265720494763
10102,AMAZONAS,SIERRA,1,3.201844140442782,bad,2.103195728886596,-1.0986484115561863,-0.34312988495569136
10116,AMAZONAS,SIERRA,1,11.721742653519794,bad,8.976940875841363,-2.744801777678431,-0.23416328602421793
221004,SAN MARTIN,SELVA,1,82.18882419464309,bad,90.19982154807363,8.01099735343054,0.09747064070972171
211208,PUNO,SELVA,1,60.90575900407849,bad,72.38944923417347,11.483690230094979,0.1885485119613399
220508,SAN MARTIN,SELVA,1,123.0147162547666,bad,124.05724483941381,1.042528584647215,0.008474828186313187
60809,CAJAMARCA,SELVA,1,12.884304101509215,bad,22.817597537257207,9.933293435747991,0.7709608029652486
10201,AMAZONAS,SELVA,1,7.053889771563575,bad,6.997986139075239,-0.0559036324883353,-0.007925220594415899
210310,PUNO,SIERRA,1,1.3876009788760282,bad,1.2976996365733764,-0.08990134230265179,-0.06478904502897717
80904,CUSCO,SELVA,1,35.73663726050367,bad,52.84293029133319,17.10629303082952,0.4786766283053579
120124,JUNIN,SIERRA,1,22.337630273096526,bad,18.47582413082331,-3.861806142273217,-0.17288343011587856
120135,JUNIN,SIERRA,1,36.22388078623721,bad,53.725189398088744,17.501308611851535,0.48314283925373697
81106,CUSCO,SELVA,4,610.3358941475478,bad,647.9536828436992,37.617788696151365,0.06163456722251587
220802,SAN MARTIN,SELVA,2,519.4624934906765,bad,463.98935064156296,-55.473142849113515,-0.10678950558363877
90717,HUANCAVELICA,SIERRA,1,4.105259058515128,bad,3.6902079169702233,-0.41505114154490474,-0.10110230210295881
100602,HUANUCO,SELVA,4,372.6964340815705,bad,396.0346557724388,23.338221690868295,0.0626199221583117
100601,HUANUCO,SELVA,1,143.63586705215167,bad,146.5914797113073,2.9556126591556335,0.02057712129855771
100606,HUANUCO,SELVA,4,370.5833674913782,bad,462.6706347937109,92.08726730233269,0.2484927154872247
100605,HUANUCO,SELVA,1,29.081479495492236,bad,28.797377472514487,-0.28410202297774845,-0.009769173642688488
160510,LORETO,SELVA,1,290.7181002100782,bad,290.99114609748256,0.27304588740435065,0.0009392118592101514
10203,AMAZONAS,SELVA,1,7.975135285127067,bad,7.371771676384178,-0.6033636087428889,-0.0756555954440183
10114,AMAZONAS,SIERRA,1,84.74198246314147,bad,84.34342468354632,-0.3985577795951514,-0.004703191594184195
160104,LORETO,SELVA,1,339.25041911679125,bad,389.89728380945263,50.64686469266138,0.14929049999264868
160705,LORETO,SELVA,4,550.7263482492579,bad,538.0134706029773,-12.712877646280504,-0.02308383771122328
160105,LORETO,SELVA,4,416.00341287921253,bad,448.1714704163327,32.16805753712015,0.07732642699847324
160402,LORETO,SELVA,2,817.6939004873919,bad,848.6256147791602,30.93171429176823,0.037827987066225116
160704,LORETO,SELVA,4,558.7102734485377,bad,581.7458296258117,23.035556177273975,0.04122987758054132
100705,HUANUCO,SIERRA,4,434.1873277933306,bad,418.53217627544734,-15.655151517883269,-0.03605621471600153
100113,HUANUCO,SIERRA,1,162.97676969538702,bad,156.56225531506834,-6.414514380318678,-0.03935845821651623
160108,LORETO,SELVA,4,388.40525587313283,bad,387.97378236083307,-0.4314735122997604,-0.001110884844567333
220302,SAN MARTIN,SELVA,1,40.236847694527015,bad,45.91825310247003,5.681405407943018,0.14119906835335408
220501,SAN MARTIN,SELVA,1,28.632321533866172,bad,35.183165159096426,6.550843625230254,0.22879191327472162
10119,AMAZONAS,SIERRA,1,9.851497544063182,bad,7.964750239792004,-1.8867473042711786,-0.1915188321199137
50410,AYACUCHO,SIERRA,1,0.4243518245574558,bad,0.4477931285267639,0.023441303969308103,0.05524025728828751
50507,AYACUCHO,SELVA,1,91.87431606536474,bad,80.8973827247992,-10.976933340565537,-0.11947771488993625
50503,AYACUCHO,SELVA,1,41.010749645676384,bad,43.09469680681805,2.0839471611416656,0.05081465662409242
90721,HUANCAVELICA,SIERRA,1,49.481865363423275,bad,43.57303831774816,-5.9088270456751175,-0.11941399141437563
80902,CUSCO,SELVA,5,1448.8001575987478,bad,1546.4035072886466,97.60334968989878,0.06736840079563997
100604,HUANUCO,SELVA,4,561.289289833291,bad,673.6059111207055,112.31662128741448,0.2001046934652427
100603,HUANUCO,SELVA,1,133.21143729963842,bad,141.87182761346818,8.660390313829765,0.06501236297262947
100608,HUANUCO,SELVA,1,29.96064390486676,bad,31.617003017084688,1.6563591122179275,0.0552844964706807
100609,HUANUCO,SELVA,1,187.8711478839242,bad,190.0192431046351,2.1480952207109,0.01143387499840101
100610,HUANUCO,SELVA,1,124.63078412715674,bad,129.43093948374897,4.800155356592228,0.03851500566420881
