DEPARTAMENTO,PROVINCIA,DISTRITO,UBIGEO,2001_ha,2002_ha,2003_ha,2004_ha,2005_ha,2006_ha,2007_ha,2008_ha,2009_ha,2010_ha,2011_ha,2012_ha,2013_ha,2014_ha,2015_ha,2016_ha,2017_ha,2018_ha,2019_ha,2020_ha,2021_ha,2022_ha,2023_ha,2024_ha,HIDROGRAFÍA_ha,BOSQUE AL 2024_ha
AMAZONAS,CHACHAPOYAS,CHACHAPOYAS,010101,0.54,0.00,1.53,0.00,1.26,1.53,0.27,0.54,0.36,0.27,0.00,0.36,0.36,2.34,1.71,5.76,8.64,7.47,0.45,3.96,0.18,1.26,3.24,15.03,45.18,833.67
AMAZONAS,CHACHAPOYAS,ASUNCION,010102,1.26,2.70,5.40,0.72,2.34,6.84,1.53,3.42,2.25,1.62,2.88,0.36,0.09,2.43,2.07,1.08,5.31,4.68,0.81,1.53,0.81,3.06,8.91,16.02,14.85,812.88
AMAZONAS,CHACHAPOYAS,BALSAS,010103,3.24,2.61,5.58,10.44,2.61,3.60,5.04,5.76,0.63,7.29,2.07,0.09,0.09,2.16,1.35,4.59,27.54,0.00,0.09,1.71,0.54,0.99,7.02,10.89,0.00,"2,403.72"
AMAZONAS,CHACHAPOYAS,CHETO,010104,8.82,3.06,12.15,7.20,6.03,5.85,3.96,1.89,6.75,2.61,2.79,8.55,4.77,6.21,15.03,12.60,32.58,14.49,8.91,8.73,3.60,19.44,14.40,13.59,0.00,"2,360.34"
AMAZONAS,CHACHAPOYAS,CHILIQUIN,010105,5.85,13.14,19.89,7.11,9.45,8.46,8.91,11.43,19.44,11.25,7.20,4.23,9.00,12.24,12.42,19.89,47.61,17.19,17.10,14.76,13.68,14.94,24.03,58.41,0.00,"4,814.28"
AMAZONAS,CHACHAPOYAS,CHUQUIBAMBA,010106,2.07,4.05,7.65,10.44,3.24,1.44,4.05,4.23,2.25,8.82,1.08,0.27,0.09,1.98,2.16,12.06,12.24,0.99,0.00,0.00,0.18,0.00,1.71,9.81,0.00,744.57
AMAZONAS,CHACHAPOYAS,GRANADA,010107,1.08,1.53,3.06,4.23,0.27,1.71,0.18,0.72,1.44,6.75,0.00,0.54,2.07,0.72,2.34,1.08,5.85,4.41,0.54,2.25,0.00,3.78,1.80,5.85,0.00,"1,257.57"
AMAZONAS,CHACHAPOYAS,HUANCAS,010108,0.00,0.00,0.00,0.00,0.00,0.00,0.00,0.00,0.00,0.00,0.00,0.00,0.00,0.00,0.00,0.00,0.18,0.09,0.00,0.00,0.00,0.00,0.09,0.00,96.30,1.17
AMAZONAS,CHACHAPOYAS,LA JALCA,010109,0.27,0.00,0.90,0.63,0.90,1.44,1.17,2.43,0.63,0.36,0.63,0.45,1.17,2.07,6.93,13.14,12.60,16.02,5.94,4.77,0.00,12.87,10.53,19.89,0.00,"1,789.56"
AMAZONAS,CHACHAPOYAS,LEIMEBAMBA,010110,3.69,1.08,9.27,6.12,1.98,15.66,20.70,20.34,3.87,15.57,9.99,0.18,0.09,6.75,3.51,2.79,33.66,2.07,1.71,1.71,0.09,10.98,18.90,16.65,0.00,"7,339.23"
AMAZONAS,CHACHAPOYAS,LEVANTO,010111,0.81,0.00,0.54,0.09,0.36,0.09,0.27,0.54,0.09,0.09,0.09,0.36,0.27,0.90,1.08,3.15,10.17,4.86,0.36,0.09,0.18,1.26,1.44,10.35,25.56,294.39
AMAZONAS,CHACHAPOYAS,MAGDALENA,010112,6.39,2.07,16.20,13.95,4.14,22.14,10.80,3.06,6.93,6.03,1.98,1.17,5.13,10.17,12.96,22.32,38.43,29.07,5.58,8.64,0.72,30.06,17.01,14.67,0.81,"2,726.19"
AMAZONAS,CHACHAPOYAS,MARISCAL CASTILLA,010113,0.00,0.09,0.18,0.00,0.18,0.18,0.09,0.00,0.00,0.09,0.00,0.00,0.18,0.54,1.62,1.62,4.50,7.20,1.44,3.24,0.00,7.29,4.77,6.39,0.00,618.48
AMAZONAS,CHACHAPOYAS,MOLINOPAMPA,010114,59.31,108.63,87.75,63.18,69.75,45.54,91.17,45.99,79.38,42.93,25.47,27.54,47.52,44.37,40.68,72.09,99.45,53.01,39.69,69.66,21.87,46.08,97.92,71.46,0.00,"14,126.67"
AMAZONAS,CHACHAPOYAS,MONTEVIDEO,010115,2.79,0.45,4.86,0.72,0.27,0.18,1.35,3.51,0.54,3.06,2.07,1.17,1.08,0.90,2.34,9.63,7.47,3.87,0.81,0.63,0.00,1.17,2.16,0.72,0.90,"6,670.89"
AMAZONAS,CHACHAPOYAS,OLLEROS,010116,2.52,4.59,9.81,2.16,4.59,7.74,5.76,3.78,5.49,4.95,4.32,3.78,7.92,9.72,1.80,16.83,13.95,17.19,4.50,8.19,2.79,7.29,11.61,5.76,9.09,"3,230.73"
AMAZONAS,CHACHAPOYAS,QUINJALCA,010117,2.07,0.90,2.70,0.81,0.63,2.07,0.54,0.81,1.44,1.71,1.17,0.00,0.81,1.17,0.09,1.35,6.75,2.16,1.17,2.07,0.99,0.90,2.52,8.10,0.00,"1,029.60"
AMAZONAS,CHACHAPOYAS,SAN FRANCISCO DE DAGUAS,010118,0.00,0.00,0.00,0.18,0.00,0.00,0.00,0.00,0.09,0.00,0.00,0.00,0.00,0.18,0.00,0.27,0.45,0.18,0.00,0.90,0.00,0.09,0.90,0.45,0.00,39.87
AMAZONAS,CHACHAPOYAS,SAN ISIDRO DE MAINO,010119,4.59,2.97,7.38,5.22,2.52,6.93,4.50,1.26,3.15,2.25,1.35,1.53,2.79,8.28,2.43,3.60,26.91,11.97,3.96,12.69,0.27,5.31,9.45,9.99,0.00,"2,020.14"
AMAZONAS,CHACHAPOYAS,SOLOCO,010120,5.31,0.99,2.97,0.63,0.99,1.26,2.34,2.25,4.59,1.80,1.08,1.80,1.80,2.70,8.91,12.42,13.95,8.46,5.22,7.47,1.89,5.76,3.60,19.08,0.00,"2,264.94"
AMAZONAS,CHACHAPOYAS,SONCHE,010121,0.09,0.09,0.63,0.00,0.81,0.09,0.27,0.00,3.24,0.36,0.00,0.09,0.18,0.36,2.79,0.90,9.90,0.72,0.09,0.90,0.36,0.90,3.15,1.26,28.26,260.46
AMAZONAS,BAGUA,BAGUA,010201,0.00,0.00,0.00,0.00,0.00,0.00,0.00,0.00,0.00,0.00,0.00,0.27,0.27,5.13,2.70,2.25,16.65,1.98,1.08,0.90,0.18,1.08,0.81,2.61,0.00,199.71
AMAZONAS,BAGUA,ARAMANGO,010202,88.11,121.23,129.06,86.31,78.66,200.34,245.97,72.90,120.96,93.60,73.35,138.06,214.83,268.83,178.02,148.05,293.31,149.31,160.20,311.85,145.44,225.54,204.93,269.64,846.72,"53,591.40"
AMAZONAS,BAGUA,COPALLIN,010203,0.63,0.00,0.09,0.09,0.00,0.00,0.18,0.09,0.00,0.00,0.00,0.54,4.95,11.25,1.71,2.25,14.04,4.23,4.68,7.56,0.18,6.84,2.16,32.31,0.54,"3,688.56"
AMAZONAS,BAGUA,EL PARCO,010204,0.18,0.00,0.00,0.00,0.00,0.00,0.00,0.00,0.18,0.18,0.00,0.09,0.00,0.27,0.00,0.09,3.60,0.18,0.27,0.99,0.00,0.00,0.09,0.09,0.09,32.22
AMAZONAS,BAGUA,IMAZA,010205,328.50,635.49,406.80,318.51,108.63,348.75,908.19,351.18,598.59,484.29,329.49,663.48,1321.20,744.84,1103.22,1023.39,1081.44,930.78,1030.23,1944.27,710.82,1130.40,681.30,1443.24,"8,331.93","398,439.63"
AMAZONAS,BAGUA,LA PECA,010206,0.00,0.00,0.18,1.35,0.45,0.00,0.00,0.00,0.00,0.00,0.00,3.69,10.98,54.54,6.12,4.41,43.74,9.18,6.12,16.11,1.08,35.55,2.52,86.22,0.36,"3,464.46"
AMAZONAS,BONGARA,JUMBILLA,010301,10.08,17.10,19.62,14.67,15.21,15.66,8.01,13.41,8.73,13.86,6.12,13.14,12.78,21.24,17.19,17.73,56.34,28.26,9.27,8.64,20.34,18.54,37.17,36.99,24.39,"4,739.94"
AMAZONAS,BONGARA,CHISQUILLA,010302,0.72,2.70,9.54,2.25,1.98,12.15,7.74,1.80,5.13,6.75,3.96,7.29,15.84,18.09,34.38,36.18,96.75,37.98,7.92,6.21,4.59,13.86,33.93,60.57,52.83,"11,034.63"
AMAZONAS,BONGARA,CHURUJA,010303,4.14,2.07,18.63,7.56,5.76,10.35,3.69,2.43,9.81,5.04,1.17,7.74,10.62,8.01,11.70,11.34,27.00,4.59,10.62,13.50,11.79,11.07,12.78,17.01,29.43,"1,303.11"
AMAZONAS,BONGARA,COROSHA,010304,0.99,1.35,3.87,2.25,1.71,4.05,2.79,2.97,3.96,7.65,0.72,3.15,8.01,15.84,14.58,32.40,36.81,31.95,5.76,15.75,1.71,5.85,12.51,16.29,60.12,"4,175.01"
AMAZONAS,BONGARA,CUISPES,010305,16.56,20.61,25.29,12.24,11.61,15.12,9.00,9.36,13.77,5.49,6.03,6.66,9.36,26.01,12.96,10.89,40.23,16.11,5.40,12.06,16.65,8.82,19.62,22.50,0.45,"5,055.12"
AMAZONAS,BONGARA,FLORIDA,010306,99.18,174.15,289.62,109.35,91.35,200.88,103.41,192.51,100.26,142.65,55.26,49.23,86.49,96.57,46.26,143.01,158.85,97.92,33.30,30.60,91.80,49.50,75.51,91.89,79.92,"8,635.59"
AMAZONAS,BONGARA,JAZAN,010307,9.81,11.88,24.48,19.44,21.51,16.47,18.72,10.71,24.48,10.80,8.10,5.04,4.95,16.20,11.25,9.09,36.72,9.54,5.76,6.39,3.33,13.59,11.88,37.98,60.75,"1,603.17"
AMAZONAS,BONGARA,RECTA,010308,2.61,3.78,11.70,4.59,5.85,3.78,6.57,4.77,8.01,6.57,4.77,0.00,0.81,2.52,1.89,10.89,13.86,6.39,0.27,1.53,2.16,1.71,2.16,3.87,27.81,632.34
AMAZONAS,BONGARA,SAN CARLOS,010309,7.92,4.95,16.56,9.81,4.95,12.24,7.65,2.43,7.47,6.39,1.80,5.58,8.01,8.37,10.26,9.18,16.20,5.94,15.03,13.50,13.50,8.91,20.07,26.01,5.85,"3,414.87"
AMAZONAS,BONGARA,SHIPASBAMBA,010310,15.30,46.17,85.14,54.72,31.32,38.34,49.05,20.88,29.07,29.88,28.17,11.07,20.43,57.33,28.89,50.04,110.25,22.41,10.17,11.61,11.52,21.15,28.17,78.93,116.55,"7,214.04"
AMAZONAS,BONGARA,VALERA,010311,0.00,0.09,1.17,0.81,0.81,1.08,0.54,0.00,1.35,1.08,0.27,3.06,0.99,2.43,0.63,4.14,5.49,2.34,5.31,3.06,1.08,7.02,8.19,8.73,21.96,683.01
AMAZONAS,BONGARA,YAMBRASBAMBA,010312,164.61,284.22,363.33,335.79,205.65,549.00,401.13,360.27,265.68,163.62,108.27,201.78,452.07,260.73,313.65,298.17,484.11,269.82,375.57,400.77,422.82,227.88,247.77,418.68,"1,113.48","148,856.31"
AMAZONAS,CONDORCANQUI,NIEVA,010401,441.36,695.34,614.34,391.41,449.82,766.35,1159.29,545.22,1001.52,798.21,933.12,1501.83,1700.01,1166.04,2140.11,1588.41,1815.48,2418.39,2393.37,4923.27,1331.37,1392.66,800.64,1727.55,"14,022.09","339,873.39"
AMAZONAS,CONDORCANQUI,EL CENEPA,010402,153.72,181.17,148.86,98.55,29.97,91.35,317.34,103.23,290.52,170.10,192.60,431.01,565.92,249.48,811.89,737.01,463.86,656.73,435.78,923.85,336.51,613.80,314.82,600.12,"7,157.43","533,693.25"
AMAZONAS,CONDORCANQUI,RIO SANTIAGO,010403,274.68,278.10,208.53,327.42,108.99,265.77,515.97,124.56,290.79,216.63,240.48,426.87,572.58,398.88,765.72,1022.49,472.77,637.83,244.26,904.86,261.54,634.77,279.18,678.87,"26,283.15","757,444.23"
AMAZONAS,LUYA,LAMUD,010501,0.00,0.00,0.00,0.45,0.00,0.00,0.00,0.09,0.09,0.00,0.00,0.00,0.00,0.00,0.00,0.09,0.27,0.09,0.00,0.09,0.00,0.00,0.27,0.18,56.16,5.85
AMAZONAS,LUYA,CAMPORREDONDO,010502,6.75,0.63,1.62,1.26,6.93,0.18,2.70,1.44,0.99,0.90,2.52,45.36,55.71,42.75,18.36,50.58,73.17,27.45,31.86,22.23,21.42,71.82,25.83,86.94,0.00,"8,040.24"
AMAZONAS,LUYA,COCABAMBA,010503,13.05,6.57,22.77,4.59,6.84,13.41,17.64,18.09,10.17,6.21,7.02,2.52,3.78,9.90,19.98,25.74,193.32,43.56,5.85,17.64,8.91,21.69,23.67,5.94,0.00,"4,530.96"
AMAZONAS,LUYA,COLCAMAR,010504,1.35,5.22,2.52,3.96,5.94,5.85,2.52,1.71,6.12,2.79,6.48,0.36,1.08,2.88,0.18,1.62,26.28,3.87,0.27,2.52,3.42,2.97,7.29,1.71,22.23,"2,652.48"
AMAZONAS,LUYA,CONILA,010505,38.16,13.86,32.58,43.02,14.40,32.13,31.68,16.47,22.50,21.69,24.66,13.41,12.06,14.76,8.01,8.28,32.67,32.13,13.41,15.21,41.04,18.27,30.33,60.39,0.00,"15,268.59"
AMAZONAS,LUYA,INGUILPATA,010506,12.24,2.52,8.91,5.49,6.84,9.36,9.18,6.66,6.93,7.65,8.37,5.76,5.04,12.33,9.45,15.12,53.82,10.71,6.03,6.48,3.15,9.18,15.30,40.95,26.64,"3,935.70"
AMAZONAS,LUYA,LONGUITA,010507,10.98,6.03,12.87,5.85,8.46,8.64,5.58,14.58,8.46,6.75,3.60,0.63,1.98,3.06,3.33,3.96,19.17,2.34,3.96,1.80,3.15,8.28,6.48,5.04,0.00,901.98
AMAZONAS,LUYA,LONYA CHICO,010508,2.16,0.90,5.13,3.51,2.25,4.41,7.38,0.63,2.88,2.70,2.07,0.54,1.98,0.72,2.43,3.69,11.79,1.98,1.08,0.54,6.21,4.41,3.60,6.57,10.26,"1,137.51"
AMAZONAS,LUYA,LUYA,010509,0.18,0.00,0.81,1.53,0.00,0.63,0.09,0.18,0.45,0.36,0.09,0.18,0.00,0.09,0.09,0.99,1.62,0.36,0.00,0.18,0.18,0.54,0.18,0.63,42.12,84.69
AMAZONAS,LUYA,LUYA VIEJO,010510,6.12,6.84,14.13,6.12,2.70,5.40,9.36,6.03,6.84,10.08,18.90,1.35,4.41,4.68,6.75,18.99,30.24,11.79,6.93,9.18,6.93,9.36,15.57,24.21,0.00,"3,078.36"
AMAZONAS,LUYA,MARIA,010511,15.30,6.84,22.95,8.37,9.00,16.65,6.93,12.24,8.10,3.87,10.89,0.36,1.08,1.62,1.80,9.99,34.38,8.28,11.61,2.43,0.00,11.16,19.17,9.54,0.00,"2,970.63"
AMAZONAS,LUYA,OCALLI,010512,4.14,2.43,6.84,14.22,9.90,8.28,8.55,2.07,5.76,2.70,12.24,22.14,24.84,32.04,18.00,39.87,102.69,31.41,17.46,22.50,21.06,37.08,27.63,59.04,0.00,"10,850.76"
AMAZONAS,LUYA,OCUMAL,010513,14.58,11.52,29.88,15.93,17.64,12.87,20.97,26.28,19.89,14.22,18.54,19.98,50.49,75.78,37.44,71.10,207.00,39.42,29.25,22.77,24.48,58.77,50.31,78.84,0.00,"14,065.74"
AMAZONAS,LUYA,PISUQUIA,010514,28.08,7.65,70.65,22.59,26.55,46.98,40.77,66.60,48.78,21.24,9.54,5.58,13.05,31.77,24.93,37.80,310.32,44.10,10.80,19.80,3.87,29.52,26.64,17.91,0.00,"7,173.00"
AMAZONAS,LUYA,PROVIDENCIA,010515,0.00,0.00,0.00,0.00,0.00,0.00,0.00,0.00,0.00,0.00,0.00,5.13,6.66,9.90,3.42,12.15,68.85,7.38,3.96,3.33,4.59,17.46,7.65,31.86,0.00,"2,323.98"
AMAZONAS,LUYA,SAN CRISTOBAL,010516,0.00,0.00,0.27,0.27,0.09,0.90,0.36,0.09,0.81,0.27,0.09,0.45,0.63,0.36,0.18,1.53,1.71,0.00,0.81,0.36,0.27,0.27,0.72,0.18,5.40,55.71
AMAZONAS,LUYA,SAN FRANCISCO DEL YESO,010517,9.18,14.67,14.13,23.22,9.90,23.76,19.08,25.65,5.31,17.73,14.40,0.81,2.43,5.22,18.45,16.83,44.64,17.64,17.19,12.96,2.34,18.63,35.46,9.72,0.00,"3,998.61"
AMAZONAS,LUYA,SAN JERONIMO,010518,25.83,34.20,45.90,56.43,48.60,40.95,59.58,41.94,57.15,55.17,37.62,49.95,33.57,58.77,28.98,36.18,57.15,26.91,17.28,26.82,18.09,34.47,43.47,80.82,36.09,"6,208.20"
AMAZONAS,LUYA,SAN JUAN DE LOPECANCHA,010519,2.97,1.62,7.92,1.62,2.52,3.24,2.61,5.58,8.73,0.54,1.98,0.36,0.36,0.54,1.89,3.96,3.87,4.41,2.88,2.61,0.00,6.39,8.64,12.06,0.00,640.89
AMAZONAS,LUYA,SANTA CATALINA,010520,10.44,13.77,43.29,42.30,39.15,53.55,45.72,15.75,46.71,59.22,24.84,71.46,91.62,50.31,32.85,31.77,77.40,34.74,28.17,24.39,11.43,42.03,40.32,84.69,0.00,"9,715.14"
AMAZONAS,LUYA,SANTO TOMAS,010521,2.70,3.06,4.23,1.62,1.71,9.72,1.80,3.60,5.67,0.99,2.52,0.09,0.18,0.81,2.79,2.79,8.01,8.91,6.21,2.61,0.00,8.19,7.02,9.27,0.00,"1,247.67"
AMAZONAS,LUYA,TINGO,010522,0.09,0.90,1.53,0.54,0.27,1.53,0.99,1.17,0.63,0.45,2.34,0.09,0.09,1.17,0.54,1.71,2.07,0.00,0.45,0.54,0.27,0.99,3.33,0.54,19.62,"1,311.66"
AMAZONAS,LUYA,TRITA,010523,0.09,0.00,0.00,0.00,0.00,0.00,0.18,0.00,0.00,0.00,0.00,0.00,0.00,0.00,0.09,0.00,0.27,0.00,0.00,0.00,0.00,0.09,0.90,0.18,0.00,29.97
AMAZONAS,RODRIGUEZ DE MENDOZA,SAN NICOLAS,010601,11.88,22.68,9.36,26.19,39.51,4.77,16.56,9.81,16.20,26.01,8.37,12.78,10.53,17.73,22.32,17.10,11.79,25.56,16.11,29.07,6.12,13.23,22.32,20.07,100.89,"6,165.54"
AMAZONAS,RODRIGUEZ DE MENDOZA,CHIRIMOTO,010602,68.13,38.61,32.04,77.31,90.99,16.47,47.97,13.05,93.60,46.53,35.55,56.79,64.26,47.07,55.98,45.00,40.23,61.74,14.31,75.33,9.45,68.31,67.95,63.99,91.44,"9,459.99"
AMAZONAS,RODRIGUEZ DE MENDOZA,COCHAMAL,010603,56.88,44.82,32.67,47.16,27.99,32.58,39.51,48.06,43.20,20.34,19.98,40.77,39.33,48.51,59.13,42.75,115.65,170.55,74.97,88.65,68.67,78.93,63.63,55.53,0.00,"12,084.66"
AMAZONAS,RODRIGUEZ DE MENDOZA,HUAMBO,010604,17.64,9.81,14.58,15.66,12.06,4.68,10.62,4.14,12.78,7.02,7.02,15.84,7.92,10.08,11.07,9.99,5.40,19.98,4.68,13.59,3.69,6.03,18.09,11.61,0.00,"1,183.41"
AMAZONAS,RODRIGUEZ DE MENDOZA,LIMABAMBA,010605,256.14,234.18,207.09,280.26,231.66,134.73,190.71,167.13,288.81,190.08,123.75,174.42,225.72,165.87,211.68,179.91,203.67,319.59,219.33,381.06,197.64,314.91,531.27,354.24,163.08,"43,000.11"
AMAZONAS,RODRIGUEZ DE MENDOZA,LONGAR,010606,17.73,28.71,14.13,20.79,10.44,13.59,13.50,7.65,11.97,8.19,9.81,12.42,18.00,22.86,24.75,26.28,21.78,36.45,12.24,28.17,7.92,24.93,22.95,19.62,2.16,"5,338.53"
AMAZONAS,RODRIGUEZ DE MENDOZA,MARISCAL BENAVIDES,010607,71.19,106.20,79.56,64.08,49.32,36.54,53.19,17.55,51.75,51.48,19.53,18.54,69.57,54.90,55.44,70.29,54.45,90.36,57.60,118.53,40.32,70.56,91.44,89.82,106.29,"14,290.56"
AMAZONAS,RODRIGUEZ DE MENDOZA,MILPUC,010608,7.74,6.57,3.15,8.91,22.86,4.41,10.44,2.43,15.30,13.59,7.65,24.30,17.55,13.14,12.51,10.08,2.97,12.24,1.26,7.29,1.08,4.41,6.12,7.74,20.16,"1,260.90"
AMAZONAS,RODRIGUEZ DE MENDOZA,OMIA,010609,46.71,84.87,71.73,120.24,98.10,41.40,68.13,36.36,92.16,94.68,41.76,28.08,56.34,83.79,56.97,70.56,36.18,86.49,28.98,124.02,21.96,63.63,56.79,63.18,72.81,"15,204.87"
AMAZONAS,RODRIGUEZ DE MENDOZA,SANTA ROSA,010610,4.68,3.06,1.44,0.99,6.12,0.36,4.32,0.54,3.42,1.98,2.16,1.53,1.35,5.13,2.34,1.89,0.90,2.88,0.18,2.97,0.63,0.81,2.52,1.80,0.00,337.23
AMAZONAS,RODRIGUEZ DE MENDOZA,TOTORA,010611,2.52,0.36,1.35,2.79,1.98,0.54,1.80,0.18,3.24,1.80,1.17,8.01,5.76,3.69,6.12,0.63,0.45,13.86,2.88,5.04,1.62,1.35,7.74,1.17,16.38,358.83
AMAZONAS,RODRIGUEZ DE MENDOZA,VISTA ALEGRE,010612,207.81,408.96,115.47,433.17,1185.03,206.37,487.26,292.05,391.95,478.89,487.98,376.47,476.64,371.07,205.56,348.12,112.05,261.63,156.06,349.11,197.28,294.57,295.83,308.25,597.96,"64,318.41"
AMAZONAS,UTCUBAMBA,BAGUA GRANDE,010701,36.45,21.15,21.06,15.84,26.19,22.23,27.00,24.84,15.75,15.48,8.64,21.15,20.34,20.25,50.13,47.88,45.72,138.24,10.80,48.87,11.43,90.99,82.08,497.07,1.71,"10,166.04"
AMAZONAS,UTCUBAMBA,CAJARURO,010702,191.88,72.99,216.54,144.99,149.85,210.24,266.31,148.77,226.17,82.62,81.09,67.68,136.08,228.24,188.19,151.02,413.01,145.89,82.80,129.87,44.19,143.37,135.18,559.26,712.17,"127,752.84"
AMAZONAS,UTCUBAMBA,CUMBA,010703,2.25,2.16,2.97,6.03,6.93,3.15,0.72,0.54,1.71,0.45,0.45,13.86,17.91,42.21,12.78,35.19,58.59,20.61,3.15,45.27,0.00,36.99,18.99,171.90,0.00,"4,418.64"
AMAZONAS,UTCUBAMBA,EL MILAGRO,010704,0.09,0.00,0.00,0.00,0.00,0.00,0.00,0.00,0.00,0.00,0.00,2.97,1.62,1.53,2.43,6.84,4.59,7.65,1.80,37.71,0.00,5.94,4.32,35.73,0.00,392.76
AMAZONAS,UTCUBAMBA,JAMALCA,010705,63.27,64.98,107.01,73.44,99.18,124.20,91.71,65.61,52.83,29.16,39.87,23.04,29.07,41.67,31.77,31.59,103.50,52.65,12.78,38.61,53.91,44.91,44.10,144.54,22.95,"9,105.66"
AMAZONAS,UTCUBAMBA,LONYA GRANDE,010706,29.88,4.23,33.21,20.79,56.16,16.29,27.99,11.70,24.39,9.45,18.27,61.02,46.89,49.41,29.43,74.79,94.41,55.62,18.81,58.50,41.76,120.87,68.67,120.60,0.00,"15,899.13"
AMAZONAS,UTCUBAMBA,YAMON,010707,3.06,0.45,1.26,0.81,0.72,0.63,0.81,0.00,3.69,0.99,1.26,3.51,5.49,14.13,8.46,23.22,37.44,20.16,3.69,7.74,0.00,25.38,9.81,35.91,0.00,"3,577.59"
AYACUCHO,HUANTA,AYAHUANCO,050402,16.29,8.10,11.70,6.48,12.33,7.38,20.25,4.50,27.18,31.32,19.44,5.04,27.09,12.42,6.93,20.16,22.95,0.54,2.70,17.37,1.80,4.23,34.02,11.25,40.50,"7,520.94"
AYACUCHO,HUANTA,SIVIA,050407,170.46,4.59,47.88,66.51,59.31,141.84,120.51,35.91,175.14,89.73,93.69,184.59,123.30,134.73,133.74,118.35,497.61,338.40,423.00,510.21,218.43,72.45,68.85,114.66,"1,518.75","38,966.04"
AYACUCHO,HUANTA,LLOCHEGUA,050408,282.33,15.39,84.87,153.18,90.63,174.87,156.87,31.86,261.18,121.95,103.86,86.49,136.17,122.76,116.28,137.07,500.85,354.60,564.93,693.99,182.34,52.02,36.54,74.79,"1,677.60","27,951.12"
AYACUCHO,HUANTA,CANAYRE,050409,253.71,7.29,108.81,176.49,168.57,153.18,196.20,20.97,238.95,140.13,111.24,55.80,91.17,114.93,135.45,160.74,288.63,267.57,494.91,415.98,99.72,44.10,23.94,46.17,"1,399.05","16,188.84"
AYACUCHO,HUANTA,UCHURACCAY,050410,2.43,0.18,0.27,0.09,0.00,0.36,0.09,0.00,0.45,0.27,0.99,0.09,0.36,0.45,0.09,0.09,6.48,0.54,0.18,1.80,0.00,0.27,0.00,0.18,10.62,348.12
AYACUCHO,HUANTA,PUCACOLPA,050411,26.37,5.22,7.38,8.82,32.58,20.34,13.68,6.57,26.37,16.02,20.61,13.59,19.71,51.57,88.11,116.37,102.15,34.20,75.87,336.78,35.73,24.21,37.53,18.54,360.18,"22,082.31"
AYACUCHO,HUANTA,PUTIS,050413,0.00,0.00,0.36,0.18,0.45,0.45,5.40,3.42,2.79,0.27,0.45,0.00,0.63,0.09,0.00,0.00,0.63,7.74,1.08,0.27,0.27,0.09,5.13,0.54,17.64,223.92
AYACUCHO,LA MAR,ANCO,050502,43.11,25.29,61.38,45.45,37.71,69.12,65.25,29.07,85.68,51.66,71.01,191.16,89.01,90.36,79.65,160.38,343.35,203.67,185.40,215.10,81.00,74.34,82.08,57.15,570.87,"23,500.17"
AYACUCHO,LA MAR,AYNA,050503,9.00,3.87,9.27,13.32,5.94,19.35,18.27,5.13,21.15,16.02,18.00,22.68,24.75,45.09,33.48,32.40,214.56,133.38,140.13,132.03,72.45,46.08,22.41,45.27,700.56,"10,747.98"
AYACUCHO,LA MAR,CHUNGUI,050505,6.93,0.99,1.98,4.05,6.21,8.10,3.51,0.54,3.33,10.98,7.38,25.56,8.82,8.73,15.48,25.20,38.34,8.28,5.85,19.08,8.28,4.05,2.61,1.53,167.04,"8,710.38"
AYACUCHO,LA MAR,SANTA ROSA,050507,80.37,10.71,98.64,78.21,41.40,141.21,73.89,41.13,162.36,83.07,69.21,124.83,143.01,61.02,79.02,68.76,350.91,204.39,106.74,145.80,71.19,45.90,26.46,46.62,798.48,"16,673.94"
AYACUCHO,LA MAR,SAMUGARI,050509,23.76,1.35,15.75,14.85,17.19,29.61,21.51,3.96,34.29,20.70,18.18,59.67,44.37,36.72,32.40,27.00,162.72,70.65,68.58,72.09,26.91,12.15,20.43,29.88,278.73,"8,193.06"
AYACUCHO,LA MAR,ANCHIHUAY,050510,16.47,2.97,9.63,8.64,10.71,11.52,6.75,2.88,15.03,9.18,21.60,86.04,53.01,69.39,60.48,69.03,162.45,70.20,54.72,89.10,73.71,64.17,68.85,19.89,356.49,"10,060.11"
AYACUCHO,LA MAR,ORONCCOY,050511,0.63,0.63,1.08,1.17,4.86,3.51,4.95,3.15,11.79,3.33,1.89,5.22,3.42,5.04,2.43,2.70,10.53,2.25,0.45,5.22,0.99,5.49,8.19,7.65,0.00,"4,681.17"
AYACUCHO,LA MAR,UNION PROGRESO,050512,4.41,1.44,2.43,3.78,7.74,5.40,5.76,2.43,9.00,4.32,2.25,28.26,16.02,8.46,13.14,15.57,30.33,29.07,18.54,18.18,4.50,6.39,4.05,2.79,156.96,461.97
AYACUCHO,LA MAR,RIO MAGDALENA,050513,15.93,3.78,6.39,4.77,1.71,12.06,6.84,1.80,13.50,4.23,3.78,7.74,22.32,10.80,15.93,25.83,48.15,18.54,23.22,37.71,16.02,7.11,14.94,7.74,258.66,"6,434.10"
CAJAMARCA,JAEN,JAEN,060801,81.72,60.84,14.40,16.11,32.67,21.51,46.44,31.59,14.22,24.03,37.71,7.47,13.05,36.90,60.12,23.94,138.33,36.00,13.77,114.84,7.02,71.19,19.08,216.99,0.00,"8,793.09"
CAJAMARCA,JAEN,BELLAVISTA,060802,4.23,0.72,0.63,1.80,3.78,2.88,1.71,2.70,1.98,7.29,0.18,2.79,2.07,11.16,5.49,5.13,5.49,4.95,0.54,6.48,2.07,5.13,2.61,17.91,38.07,620.19
CAJAMARCA,JAEN,CHONTALI,060803,42.75,64.44,15.30,23.58,54.81,28.98,88.38,36.63,17.73,25.11,54.54,28.26,15.84,32.22,68.31,84.15,125.37,62.82,47.34,57.69,18.81,132.84,53.46,170.64,222.75,"18,539.19"
CAJAMARCA,JAEN,COLASAY,060804,34.29,62.64,3.96,14.22,91.26,18.45,55.71,18.54,32.40,54.09,38.34,14.94,20.88,55.08,34.83,61.38,150.03,78.48,18.27,32.67,14.76,94.77,24.75,155.52,167.40,"10,805.94"
CAJAMARCA,JAEN,HUABAL,060805,5.31,11.79,1.44,6.66,11.97,11.43,17.28,4.77,4.23,12.33,3.33,4.23,6.12,11.07,4.59,13.32,23.04,8.19,0.81,37.80,4.41,6.75,10.08,91.62,0.00,"1,204.47"
CAJAMARCA,JAEN,LAS PIRIAS,060806,0.54,0.18,0.90,0.09,0.54,0.72,0.72,0.45,0.54,1.26,0.00,0.90,1.71,4.23,2.34,10.26,8.46,6.03,0.72,13.59,0.81,2.52,3.06,31.50,0.27,493.20
CAJAMARCA,JAEN,POMAHUACA,060807,27.72,35.19,5.67,5.94,83.70,20.61,35.01,12.33,14.40,19.17,48.87,8.19,5.04,9.45,64.80,66.78,184.50,35.28,3.87,17.46,0.09,38.88,12.24,55.53,122.85,"12,419.64"
CAJAMARCA,JAEN,PUCARA,060808,1.62,2.70,0.99,0.63,9.18,0.63,1.80,0.54,17.28,5.67,4.50,0.36,0.27,0.72,2.88,7.20,77.67,0.54,0.00,0.09,0.00,2.43,0.00,1.71,0.00,"1,527.75"
CAJAMARCA,JAEN,SALLIQUE,060809,7.65,8.64,0.45,1.71,15.57,5.31,0.81,4.32,2.52,2.07,1.71,1.17,0.00,1.98,2.34,5.04,72.90,10.62,1.62,2.43,0.00,1.80,3.15,3.42,0.00,"3,297.87"
CAJAMARCA,JAEN,SAN FELIPE,060810,1.44,2.88,0.18,0.63,7.11,1.53,0.81,1.35,2.70,3.60,0.54,0.27,0.09,1.62,4.95,3.06,12.51,14.04,0.54,0.45,0.00,2.25,3.15,3.69,0.00,"1,849.68"
CAJAMARCA,JAEN,SAN JOSE DEL ALTO,060811,128.16,139.32,13.77,29.88,148.77,107.82,156.33,61.92,47.88,124.38,84.24,93.24,51.21,61.74,105.57,123.21,176.22,176.31,110.79,219.24,70.47,215.10,140.40,427.05,182.70,"20,910.42"
CAJAMARCA,JAEN,SANTA ROSA,060812,10.98,15.84,7.74,5.76,2.07,4.50,11.97,12.87,7.74,4.59,0.54,13.86,58.50,160.92,51.39,91.53,65.25,51.03,41.58,99.99,15.39,61.83,31.86,122.40,97.29,"4,718.70"
CAJAMARCA,SAN IGNACIO,SAN IGNACIO,060901,33.84,11.34,82.53,39.15,73.08,39.60,17.82,43.02,52.20,90.09,28.71,41.22,63.90,63.72,51.66,251.82,119.07,79.56,13.41,65.43,12.51,70.29,21.96,152.64,264.06,"9,724.50"
CAJAMARCA,SAN IGNACIO,CHIRINOS,060902,13.59,11.88,13.41,10.53,44.64,10.80,24.12,20.43,15.48,46.80,13.50,28.08,27.72,64.17,28.26,89.37,53.91,50.04,25.74,70.56,16.92,58.41,21.06,188.64,91.98,"5,113.62"
CAJAMARCA,SAN IGNACIO,HUARANGO,060903,52.02,28.53,47.07,48.87,79.38,64.17,101.52,41.31,85.41,149.94,36.27,76.05,149.67,223.74,128.52,111.24,259.20,134.01,82.62,228.60,63.27,242.73,124.29,417.51,497.79,"51,688.35"
CAJAMARCA,SAN IGNACIO,LA COIPA,060904,18.72,25.38,5.85,10.53,55.62,38.61,41.58,22.50,21.51,49.95,20.34,54.36,48.51,65.34,65.61,137.79,210.06,149.67,48.60,123.21,25.02,160.11,57.69,295.20,92.52,"10,408.14"
CAJAMARCA,SAN IGNACIO,NAMBALLE,060905,127.17,54.63,132.57,159.66,239.04,159.03,92.52,146.07,162.90,189.27,267.21,92.07,94.68,93.51,130.77,370.44,159.84,121.05,54.99,140.22,27.90,203.40,75.60,249.03,272.52,"34,935.75"
CAJAMARCA,SAN IGNACIO,SAN JOSE DE LOURDES,060906,305.37,36.99,150.12,121.50,256.86,125.10,143.10,73.80,154.26,236.88,197.73,164.79,239.49,247.86,149.49,259.29,234.00,167.49,78.03,264.78,81.81,384.48,151.29,528.75,"1,259.73","98,792.10"
CAJAMARCA,SAN IGNACIO,TABACONAS,060907,66.96,260.19,17.46,29.07,178.11,52.65,320.94,66.24,79.92,83.88,135.45,74.16,43.83,50.76,121.50,192.24,171.81,95.04,64.80,130.59,26.73,173.52,85.23,248.67,168.84,"43,669.98"
CUSCO,CALCA,LARES,080404,4.14,0.00,0.81,0.63,2.52,0.00,0.00,2.25,0.00,0.72,1.62,0.36,7.20,4.95,0.63,1.98,5.31,1.62,1.35,0.72,7.29,1.80,1.98,0.18,145.62,"1,276.83"
CUSCO,CALCA,YANATILE,080408,316.71,169.20,18.63,65.88,276.66,22.41,40.59,63.27,29.43,189.72,47.97,38.43,76.05,137.88,65.88,134.73,299.97,58.95,48.51,42.12,149.13,72.81,38.70,56.52,"2,951.55","87,217.29"
CUSCO,LA CONVENCION,SANTA ANA,080901,18.54,12.42,2.07,3.24,6.84,4.59,2.43,2.43,4.68,3.78,4.23,6.75,4.50,5.94,13.41,25.02,117.27,36.45,1.80,20.97,43.47,33.30,3.15,26.64,"1,307.43","18,103.50"
CUSCO,LA CONVENCION,ECHARATE,080902,1692.00,669.87,1006.47,779.49,740.79,1177.38,747.09,633.96,1243.35,752.58,622.44,854.19,672.21,1098.18,965.70,1224.63,2328.30,1793.97,796.95,1892.34,991.08,498.15,644.04,588.87,"12,698.28","623,596.68"
CUSCO,LA CONVENCION,HUAYOPATA,080903,92.88,114.21,14.31,36.09,25.74,9.09,17.46,30.24,19.80,53.91,29.97,12.42,20.97,57.87,33.93,85.23,174.06,32.40,1.44,23.67,45.00,15.30,10.89,31.41,909.90,"25,729.56"
CUSCO,LA CONVENCION,MARANURA,080904,4.05,15.30,1.44,5.04,6.21,1.80,2.07,7.92,2.34,2.97,4.59,2.07,6.39,10.98,6.93,10.53,41.67,8.46,0.00,20.07,10.89,15.03,5.58,6.93,760.23,"7,527.87"
CUSCO,LA CONVENCION,OCOBAMBA,080905,163.89,194.58,25.29,85.59,95.67,36.99,42.03,70.20,25.38,168.48,53.37,57.15,39.51,76.95,51.21,190.89,228.51,77.22,38.43,81.00,76.77,21.96,37.26,150.30,"1,479.60","34,938.36"
CUSCO,LA CONVENCION,QUELLOUNO,080906,723.87,268.83,250.56,277.38,861.57,142.92,294.03,259.11,286.02,189.00,316.89,432.63,334.98,487.71,459.72,453.06,995.40,465.84,201.60,464.76,317.97,148.77,368.73,223.29,"3,372.39","130,070.70"
CUSCO,LA CONVENCION,KIMBIRI,080907,95.22,6.48,80.01,47.34,48.51,66.78,70.65,42.57,143.46,93.51,77.13,156.06,177.12,99.45,124.65,145.98,695.79,345.33,344.79,263.43,71.64,79.65,37.35,39.87,797.49,"36,829.17"
CUSCO,LA CONVENCION,SANTA TERESA,080908,146.70,72.09,28.80,23.04,79.20,17.82,49.23,42.66,43.20,51.57,69.66,24.57,42.57,52.65,43.47,150.21,167.76,32.22,21.06,74.25,53.73,14.13,37.08,15.03,"1,341.72","27,333.99"
CUSCO,LA CONVENCION,VILCABAMBA,080909,198.36,56.70,178.38,185.76,123.30,167.94,113.04,18.36,234.63,90.45,102.51,96.12,108.63,101.52,215.64,323.73,709.02,385.11,309.42,585.63,272.16,145.80,201.06,129.87,"2,330.55","104,462.64"
CUSCO,LA CONVENCION,PICHARI,080910,154.17,18.27,87.03,157.23,67.23,138.78,95.58,63.45,167.13,176.49,107.28,167.31,186.84,220.95,234.00,232.20,753.84,618.30,618.84,508.50,263.61,104.04,58.23,103.59,"1,565.55","34,756.38"
CUSCO,LA CONVENCION,INKAWASI,080911,14.85,6.21,12.87,15.21,15.75,4.32,2.79,4.86,24.21,8.55,10.98,9.90,18.90,24.39,28.89,38.79,215.46,12.51,44.55,88.74,55.44,62.46,73.26,13.95,128.07,"27,511.74"
CUSCO,LA CONVENCION,VILLA VIRGEN,080912,24.30,9.18,19.62,15.57,52.11,25.56,10.98,11.52,41.76,12.15,25.65,42.57,41.58,26.28,32.67,70.38,200.88,121.32,163.62,117.45,36.36,24.03,40.14,16.47,422.37,"34,692.75"
CUSCO,LA CONVENCION,VILLA KINTIARINA,080913,29.16,3.78,25.20,17.46,57.06,30.60,27.36,8.64,102.60,22.32,33.03,119.34,122.94,80.73,183.69,111.78,389.34,232.92,295.74,274.95,85.59,36.36,48.06,39.24,409.32,"15,647.31"
CUSCO,LA CONVENCION,MEGANTONI,080914,430.47,280.35,490.95,379.08,267.93,499.86,341.73,507.15,499.59,505.35,348.39,1026.18,570.24,897.75,891.09,1195.74,886.77,1954.35,1544.85,1416.78,958.86,1015.65,1004.40,1144.17,"32,110.65","1,000,219.86"
CUSCO,LA CONVENCION,KUMPIRUSHIATO,080915,638.91,125.28,337.77,369.72,252.90,453.78,341.19,76.77,940.77,414.36,476.37,374.94,247.50,339.84,352.17,445.86,910.89,890.28,639.36,774.63,459.36,190.35,229.41,234.72,"2,946.33","238,650.12"
CUSCO,LA CONVENCION,CIELO PUNCO,080916,25.47,0.90,20.70,17.19,24.39,30.24,53.28,6.93,64.35,14.76,16.29,76.50,119.97,49.05,82.44,48.87,304.83,115.38,125.82,116.64,61.65,18.18,26.82,19.35,132.66,"7,426.53"
CUSCO,LA CONVENCION,MANITEA,080917,25.83,1.62,19.98,15.12,6.75,16.47,23.49,4.23,47.97,25.29,15.57,78.03,101.70,46.71,87.75,61.83,391.32,216.18,147.96,154.17,27.54,11.70,37.80,28.71,230.76,"10,231.29"
CUSCO,LA CONVENCION,UNION ASHANINKA,080918,341.91,18.90,146.34,135.45,86.22,165.87,136.08,88.65,237.15,202.77,132.48,135.18,164.79,129.24,143.64,119.07,362.34,395.37,349.02,338.04,148.68,42.21,45.36,30.51,914.40,"21,848.40"
CUSCO,PAUCARTAMBO,PAUCARTAMBO,081101,9.72,15.03,16.65,11.34,18.72,14.22,11.16,27.27,2.25,14.49,17.10,2.88,1.08,8.01,10.44,4.41,38.52,9.45,0.81,8.64,14.04,21.78,0.45,11.79,585.18,"28,206.72"
CUSCO,PAUCARTAMBO,CHALLABAMBA,081103,1.89,0.09,0.00,0.09,2.43,0.00,0.00,0.18,0.27,0.54,0.45,1.44,0.81,0.81,1.89,5.67,26.73,5.49,0.09,1.62,0.63,5.04,0.99,0.00,407.34,"2,810.25"
CUSCO,PAUCARTAMBO,KOSÑIPATA,081106,698.76,457.92,281.52,379.98,473.13,182.34,293.67,396.09,136.35,379.62,507.24,164.88,131.49,639.90,308.79,248.22,686.43,646.20,837.45,784.80,866.16,187.47,242.82,355.86,"8,445.42","240,707.07"
CUSCO,QUISPICANCHI,CAMANTI,081203,37.17,33.75,55.35,87.03,34.11,92.79,123.21,70.38,37.17,202.77,288.72,300.24,293.58,454.32,457.47,325.44,1012.14,1168.92,568.71,800.01,326.43,457.83,251.19,416.43,"8,657.37","249,855.75"
CUSCO,QUISPICANCHI,MARCAPATA,081209,6.39,6.84,4.32,10.62,4.32,9.36,22.14,8.10,3.69,20.07,7.38,2.52,4.05,8.64,10.35,35.37,178.74,24.39,0.27,0.90,0.90,9.27,19.44,10.89,464.67,"14,006.52"
CUSCO,URUBAMBA,MACHUPICCHU,081304,37.35,12.78,3.15,7.65,10.35,1.35,5.94,6.30,22.95,15.21,10.98,6.12,5.76,26.64,4.23,10.53,60.39,3.24,0.45,1.80,4.95,0.36,0.72,14.49,552.42,"12,055.68"
HUANCAVELICA,TAYACAJA,HUACHOCOLPA,090707,3.87,2.79,4.32,9.36,11.61,2.70,7.11,2.43,1.80,7.11,1.71,0.63,1.44,7.65,0.36,22.68,0.72,0.54,7.92,13.95,0.00,8.46,7.83,2.79,151.02,"3,445.74"
HUANCAVELICA,TAYACAJA,SALCAHUASI,090715,0.00,0.00,0.00,0.00,0.00,0.00,0.00,0.00,0.00,0.00,0.00,0.00,0.00,0.00,0.00,0.00,0.00,0.00,0.00,0.00,0.00,0.00,0.00,0.00,0.00,0.09
HUANCAVELICA,TAYACAJA,SURCUBAMBA,090717,1.53,1.44,1.35,1.71,0.81,0.45,1.53,0.63,0.72,2.34,1.44,0.36,1.44,0.90,0.90,3.06,1.71,0.09,1.44,5.58,0.00,0.99,0.81,0.36,0.00,"1,197.09"
HUANCAVELICA,TAYACAJA,TINTAY PUNCU,090718,13.59,5.58,2.97,8.82,23.40,9.99,12.15,18.18,6.93,22.68,9.63,4.32,2.25,5.58,12.87,81.36,0.81,1.62,21.42,46.35,0.90,11.79,9.81,5.58,66.06,"4,183.65"
HUANCAVELICA,TAYACAJA,ROBLE,090721,32.67,7.20,6.21,20.70,55.53,6.21,20.07,6.48,14.40,90.36,24.39,6.21,21.33,58.05,56.79,119.52,10.80,15.93,36.45,69.30,21.06,18.00,11.79,21.24,0.00,"6,792.39"
HUANCAVELICA,TAYACAJA,LAMBRAS,090724,1.53,0.00,1.17,1.26,3.60,0.36,1.08,2.34,1.17,0.99,0.99,0.27,0.00,1.98,0.45,7.38,0.36,0.18,3.24,9.45,0.00,0.63,1.53,1.44,4.14,586.08
HUANCAVELICA,TAYACAJA,COCHABAMBA,090725,8.19,0.36,2.52,7.47,7.56,2.52,3.42,2.79,2.70,7.11,2.16,0.18,1.44,1.53,1.17,4.68,5.04,0.09,21.42,26.64,0.00,3.06,5.58,2.61,0.00,698.31
HUANUCO,HUANUCO,CHINCHAO,100103,86.22,85.86,84.42,114.75,98.46,74.16,92.07,64.80,122.40,96.48,61.92,227.25,160.83,212.58,149.94,207.00,365.85,216.36,73.44,184.32,183.69,268.02,406.62,146.07,734.58,"42,701.40"
HUANUCO,HUANUCO,CHURUBAMBA,100104,16.11,9.09,16.65,28.62,11.88,12.96,18.63,10.17,10.08,15.75,11.88,41.76,24.39,19.35,6.03,65.61,67.05,11.25,5.67,0.36,10.17,5.22,31.05,30.60,259.02,"4,554.63"
HUANUCO,HUANUCO,SANTA MARIA DEL VALLE,100109,0.00,0.00,0.00,0.00,0.00,0.00,0.00,0.00,0.00,0.00,0.00,0.00,0.00,0.00,0.00,0.00,0.00,0.00,0.00,0.00,0.00,0.00,0.00,0.00,0.00,0.00
HUANUCO,HUANUCO,SAN PABLO DE PILLAO,100113,46.35,45.99,43.65,75.51,59.22,47.61,75.69,91.26,124.65,69.12,63.18,182.34,121.95,105.75,82.71,93.33,224.19,128.25,41.85,93.15,189.72,205.56,393.84,176.76,529.11,"34,793.82"
HUANUCO,DOS DE MAYO,MARIAS,100311,37.80,8.64,7.29,42.12,9.09,7.47,27.72,12.69,38.79,22.50,8.73,18.81,14.58,20.34,8.01,25.92,65.52,11.61,3.60,42.75,9.18,18.18,48.06,31.68,217.53,"9,220.32"
HUANUCO,HUACAYBAMBA,HUACAYBAMBA,100401,3.51,3.96,4.95,46.98,18.72,5.22,7.20,1.62,3.15,20.43,5.40,0.45,0.54,1.53,1.80,11.52,32.94,4.95,3.51,4.32,0.00,2.97,0.45,35.37,25.38,"10,474.29"
HUANUCO,HUACAYBAMBA,COCHABAMBA,100403,96.12,29.97,54.54,86.94,118.89,54.00,95.31,64.35,65.88,131.49,73.71,80.28,71.64,60.84,84.06,101.43,124.38,42.39,54.99,36.27,43.38,100.53,137.07,72.99,343.17,"40,670.01"
HUANUCO,HUAMALIES,ARANCAY,100502,3.15,0.63,0.45,0.72,4.14,2.88,2.07,1.44,1.62,9.54,3.33,1.17,0.63,1.44,0.00,9.81,3.24,0.36,0.63,0.00,0.27,0.36,0.09,0.81,0.00,"2,188.26"
HUANUCO,HUAMALIES,JACAS GRANDE,100504,9.27,8.55,1.44,9.72,11.34,1.98,10.62,4.05,12.15,13.95,8.01,9.36,5.85,8.01,99.18,27.36,31.86,17.73,9.36,5.22,2.25,12.33,27.90,8.91,212.76,"10,927.71"
HUANUCO,HUAMALIES,JIRCAN,100505,25.65,11.25,6.39,32.49,36.81,9.36,26.37,9.09,8.82,24.03,21.96,10.17,33.66,19.44,17.01,72.90,56.61,21.15,20.25,17.01,5.40,27.90,30.78,15.84,94.77,"12,564.81"
HUANUCO,HUAMALIES,MONZON,100507,262.44,110.07,286.38,155.07,349.38,84.33,251.82,201.69,192.69,329.40,380.70,478.98,220.41,313.47,280.08,403.20,269.19,135.81,140.58,187.11,255.33,456.39,364.14,252.54,"2,453.67","71,203.77"
HUANUCO,LEONCIO PRADO,RUPA-RUPA,100601,159.57,66.42,283.95,129.42,298.80,104.94,177.66,268.74,176.85,161.10,178.11,134.19,94.50,215.37,163.53,175.95,162.36,112.50,66.51,103.05,96.30,137.16,138.51,69.39,"1,064.07","11,417.22"
HUANUCO,LEONCIO PRADO,DANIEL ALOMIA ROBLES,100602,317.79,206.73,422.37,88.56,599.49,161.82,303.57,202.95,284.04,171.45,433.35,440.01,266.31,661.50,456.21,431.28,361.62,411.57,134.64,421.74,318.87,447.30,497.34,343.44,"1,379.88","41,366.79"
HUANUCO,LEONCIO PRADO,HERMILIO VALDIZAN,100603,216.63,82.98,217.26,46.26,256.68,43.74,185.67,93.24,186.21,152.64,198.09,107.91,100.35,175.68,160.29,170.37,135.54,179.73,56.70,181.71,101.61,121.50,145.26,139.14,194.94,"14,134.23"
HUANUCO,LEONCIO PRADO,JOSE CRESPO Y CASTILLO,100604,350.91,207.54,463.86,257.22,484.02,189.99,363.51,437.94,440.01,566.19,379.62,507.33,374.13,663.84,685.89,802.80,426.96,503.37,439.65,502.74,580.68,497.34,743.40,499.95,"3,821.49","111,177.36"
HUANUCO,LEONCIO PRADO,LUYANDO,100605,48.51,7.74,32.40,5.22,20.34,3.42,9.45,14.22,11.97,5.40,10.08,16.92,18.81,42.21,41.40,45.90,92.97,34.38,17.46,40.50,29.07,39.87,27.18,25.11,861.93,"2,083.50"
HUANUCO,LEONCIO PRADO,MARIANO DAMASO BERAUN,100606,362.88,155.34,549.18,135.99,618.21,93.51,342.54,303.39,411.03,184.77,387.00,587.25,240.12,495.00,383.67,456.39,453.51,365.04,118.44,464.04,298.26,438.03,353.70,286.38,"1,157.49","51,459.39"
HUANUCO,LEONCIO PRADO,PUCAYACU,100607,117.99,88.65,242.28,63.81,254.88,73.53,119.88,72.72,308.34,196.11,232.20,158.94,147.24,263.43,251.37,295.92,210.60,108.81,94.95,90.36,89.10,126.90,150.66,64.89,607.50,"61,539.84"
HUANUCO,LEONCIO PRADO,CASTILLO GRANDE,100608,63.72,18.99,53.55,18.09,43.65,23.49,28.26,33.39,58.32,43.11,41.04,36.36,30.06,49.23,44.46,41.85,49.05,37.44,24.48,33.21,23.49,37.17,44.91,21.87,622.80,"2,724.12"
HUANUCO,LEONCIO PRADO,PUEBLO NUEVO,100609,153.81,87.57,198.27,90.27,277.11,90.18,250.38,234.36,217.89,211.14,205.20,189.90,167.58,264.24,185.49,189.09,167.58,183.96,90.54,172.98,142.02,136.08,172.17,97.83,"1,117.35","17,409.42"
HUANUCO,LEONCIO PRADO,SANTO DOMINGO DE ANDA,100610,72.36,51.39,79.65,30.60,118.35,6.75,90.45,54.36,106.92,102.51,77.58,102.33,128.52,172.62,196.74,212.13,195.21,175.14,123.21,123.75,125.01,225.99,216.00,239.22,203.58,"18,494.10"
HUANUCO,MARAÑON,CHOLON,100702,318.06,243.18,394.74,636.12,849.33,232.83,589.50,231.75,933.84,813.33,554.94,961.29,550.71,702.99,654.84,683.19,560.34,620.37,280.89,492.48,275.13,477.27,618.03,622.35,"2,043.90","101,413.80"
HUANUCO,MARAÑON,LA MORADA,100704,226.89,187.65,312.30,143.46,472.59,141.48,138.24,173.25,313.11,282.15,242.01,385.20,492.84,664.11,637.11,601.65,327.24,400.50,483.30,451.80,410.67,284.85,398.79,215.91,"1,971.99","68,120.10"
HUANUCO,MARAÑON,SANTA ROSA DE ALTO YANAJANCA,100705,105.30,107.28,201.60,183.42,286.29,116.01,153.45,139.77,261.99,295.65,274.23,212.85,349.02,469.08,545.94,401.13,296.19,273.33,230.76,290.70,278.10,153.72,129.51,119.43,"1,561.50","71,459.64"
HUANUCO,PACHITEA,PANAO,100801,70.02,53.37,61.56,120.69,41.67,37.53,133.74,117.81,76.23,134.01,76.05,131.94,68.13,99.27,169.65,278.55,634.68,117.18,43.02,154.71,128.88,137.61,191.61,121.14,353.43,"26,148.51"
HUANUCO,PACHITEA,CHAGLLA,100802,344.43,393.12,453.42,319.95,683.10,263.52,420.57,393.21,536.76,287.01,420.84,564.03,360.99,578.25,467.19,395.82,797.94,610.29,237.60,697.23,638.10,551.70,636.03,528.84,649.53,"68,589.36"
HUANUCO,PACHITEA,MOLINO,100803,1.44,1.08,0.18,2.34,0.18,0.81,1.17,0.99,1.26,0.90,0.54,0.36,0.36,0.27,0.27,0.63,22.32,2.61,0.00,1.62,0.99,2.52,6.57,0.45,0.00,500.76
HUANUCO,PACHITEA,UMARI,100804,2.16,1.53,0.09,1.26,0.18,0.99,1.08,0.27,2.79,0.99,0.09,0.18,0.09,0.09,0.00,0.00,4.86,0.63,0.27,0.45,0.54,0.45,3.60,0.00,64.26,"1,039.59"
HUANUCO,PUERTO INCA,PUERTO INCA,100901,1658.70,1675.89,1497.51,1268.73,5274.81,967.50,1236.69,3067.02,3773.79,2271.69,2857.50,3911.13,3752.91,4804.56,4403.52,2960.73,2543.49,2974.95,3461.22,3365.37,2457.27,2844.00,2679.93,2560.77,"6,045.48","126,800.01"
HUANUCO,PUERTO INCA,CODO DEL POZUZO,100902,1128.87,1920.51,4049.28,1191.33,3370.23,1381.86,2202.57,3155.40,3547.89,3704.58,2833.83,3415.68,4169.61,5406.30,4225.68,3000.87,2875.50,3192.84,2888.28,3666.51,2612.52,2302.92,2561.31,1919.16,"10,969.74","200,236.23"
HUANUCO,PUERTO INCA,HONORIA,100903,967.32,1079.46,492.75,609.48,1922.22,837.72,579.78,934.29,1954.35,1037.25,1628.37,1404.09,1471.95,1177.02,1298.34,1209.24,1912.95,559.08,770.49,557.73,955.71,1353.15,746.82,953.28,"3,904.02","36,766.71"
HUANUCO,PUERTO INCA,TOURNAVISTA,100904,1069.56,1476.27,1042.74,1190.16,4490.73,1794.24,1262.16,3041.55,4591.08,2961.00,3306.51,4042.26,3628.35,3906.99,3701.07,2427.84,3347.10,2349.45,2937.24,2802.96,2776.86,1980.72,2937.78,2033.19,"3,760.29","80,086.86"
HUANUCO,PUERTO INCA,YUYAPICHIS,100905,2534.31,1864.26,2574.18,1986.66,5327.28,1835.10,2474.19,3695.13,6218.82,3591.27,4198.05,4894.02,3728.43,6022.89,3511.62,2400.93,2417.58,2758.86,2102.49,2725.38,1981.80,2222.46,2385.99,1729.62,"4,096.62","99,624.78"
JUNIN,HUANCAYO,PARIAHUANCA,120124,2.88,3.06,0.72,19.44,7.38,4.50,3.96,5.49,1.26,2.43,6.75,1.98,3.60,7.92,6.84,34.29,4.23,13.68,10.98,42.03,16.65,11.34,23.40,34.56,22.32,"5,396.40"
JUNIN,HUANCAYO,SANTO DOMINGO DE ACOBAMBA,120135,16.47,7.20,8.46,21.78,21.69,12.42,8.55,19.98,5.58,13.05,34.83,23.22,22.05,34.92,6.84,154.89,23.13,8.10,2.88,104.31,4.86,77.31,165.78,40.77,201.15,"21,838.59"
JUNIN,CONCEPCION,ANDAMARCA,120203,8.37,0.36,6.48,4.41,1.62,0.90,1.98,5.40,3.15,2.25,4.77,0.72,0.36,2.07,18.72,13.41,7.20,0.00,0.00,17.73,3.78,49.23,10.08,10.71,0.00,"3,120.48"
JUNIN,CONCEPCION,COCHAS,120205,1.71,0.45,2.25,1.80,2.79,7.47,8.37,2.07,1.53,8.19,1.26,2.79,3.24,0.72,0.90,0.09,0.18,0.00,0.18,0.18,0.00,1.44,2.52,2.88,6.93,"1,805.31"
JUNIN,CONCEPCION,COMAS,120206,0.81,0.18,0.36,0.45,0.72,0.90,1.71,2.07,0.00,3.06,0.45,1.44,11.16,2.43,0.09,11.34,12.96,0.63,6.66,8.91,0.27,1.44,9.09,12.69,67.14,"3,680.64"
JUNIN,CONCEPCION,MARISCAL CASTILLA,120209,0.09,0.54,1.26,2.52,1.44,0.63,1.26,1.17,0.45,1.71,0.45,0.36,0.63,1.35,0.18,1.17,2.43,1.26,2.43,0.54,1.35,8.10,9.09,1.89,47.97,"1,154.88"
JUNIN,CHANCHAMAYO,CHANCHAMAYO,120301,121.86,53.28,15.30,143.82,119.88,41.58,218.61,64.89,87.57,122.76,91.44,126.27,95.49,154.44,111.24,142.83,215.91,131.67,125.91,505.80,176.49,159.12,147.69,131.58,963.27,"42,716.43"
JUNIN,CHANCHAMAYO,PERENE,120302,625.05,352.89,112.41,477.45,745.38,351.09,263.79,259.56,647.19,336.33,207.81,493.20,590.22,1151.28,618.84,861.57,1157.22,386.28,728.19,2032.29,719.19,761.22,591.57,361.53,"2,212.65","69,697.71"
JUNIN,CHANCHAMAYO,PICHANAQUI,120303,937.62,423.54,125.37,773.10,1191.87,754.02,321.39,423.36,826.20,629.10,406.62,810.72,697.41,1327.05,834.39,939.60,907.47,491.94,1032.39,2225.07,1112.58,578.88,410.94,425.61,"2,064.96","59,528.16"
JUNIN,CHANCHAMAYO,SAN LUIS DE SHUARO,120304,75.87,40.32,7.11,60.75,98.82,25.92,59.04,21.42,57.24,49.14,32.67,61.74,72.45,167.40,73.44,72.63,146.16,45.81,137.70,296.28,75.87,125.10,121.14,87.12,211.14,"9,512.55"
JUNIN,CHANCHAMAYO,SAN RAMON,120305,61.56,27.63,6.48,85.86,57.42,29.97,108.81,28.80,58.86,68.40,51.66,73.53,74.34,167.49,123.48,142.20,266.22,156.42,165.87,420.30,126.45,103.59,153.99,91.44,623.34,"35,296.11"
JUNIN,CHANCHAMAYO,VITOC,120306,26.46,39.24,5.40,64.80,70.65,18.00,92.52,21.69,32.40,77.67,64.62,40.50,63.00,58.05,41.76,45.81,46.08,29.79,37.62,113.67,44.82,45.54,39.78,35.55,350.73,"21,394.80"
JUNIN,JAUJA,APATA,120403,9.99,5.40,2.70,5.67,0.90,3.33,8.46,4.95,8.46,13.41,4.50,9.72,14.31,10.80,16.11,41.58,14.67,12.15,22.50,18.18,12.78,12.06,12.78,9.72,65.43,"4,703.40"
JUNIN,JAUJA,MOLINOS,120418,11.34,5.04,0.63,5.04,6.75,4.95,10.98,2.25,10.98,20.25,11.07,32.40,47.43,21.78,15.57,28.89,5.22,20.88,8.19,43.83,4.95,5.49,7.11,5.31,124.83,"5,258.61"
JUNIN,JAUJA,MONOBAMBA,120419,66.06,49.50,21.51,69.12,59.13,35.73,115.65,38.34,57.69,160.47,117.09,104.04,174.15,200.88,135.18,227.88,149.13,49.68,154.71,175.68,85.59,123.57,246.15,81.81,573.75,"48,239.19"
JUNIN,JAUJA,RICRAN,120427,0.00,0.00,0.00,0.00,0.00,0.00,0.00,0.00,0.00,0.00,0.00,0.00,0.00,0.00,0.00,0.00,0.00,0.00,0.00,0.00,0.00,0.00,0.36,0.00,0.00,17.82
JUNIN,JUNIN,ULCUMAYO,120504,42.12,26.28,19.89,73.89,50.40,30.33,47.79,19.71,30.96,30.87,64.26,61.29,44.01,72.54,101.43,222.39,268.83,33.93,115.29,138.42,69.84,38.70,66.06,82.26,127.80,"29,048.85"
JUNIN,SATIPO,SATIPO,120601,669.78,270.63,81.09,604.26,1780.02,470.07,403.56,474.66,702.45,514.62,449.19,483.93,408.06,804.33,557.28,657.00,673.02,447.84,819.90,1550.43,1294.65,616.32,482.49,620.10,912.51,"34,886.43"
JUNIN,SATIPO,COVIRIALI,120602,55.44,25.65,0.00,63.63,68.04,40.32,28.89,17.64,54.09,36.09,50.58,29.61,61.38,67.14,48.24,42.03,91.80,36.63,104.31,151.92,155.70,36.99,34.47,31.41,58.05,"3,201.39"
JUNIN,SATIPO,LLAYLLA,120603,105.93,37.98,10.53,100.98,198.36,62.73,41.22,38.52,104.58,85.50,103.86,41.04,52.92,106.74,46.98,79.29,141.57,44.28,96.03,176.94,60.66,27.09,66.69,45.90,282.69,"15,111.09"
JUNIN,SATIPO,MAZAMARI,120604,454.95,343.89,81.81,510.93,1439.55,306.54,231.03,420.03,589.86,321.30,444.96,337.05,299.07,554.85,391.77,1385.19,773.10,485.46,709.02,1513.44,737.64,475.47,545.67,578.07,"2,290.86","77,981.94"
JUNIN,SATIPO,PAMPA HERMOSA,120605,153.45,73.08,203.85,97.38,248.85,58.41,132.93,81.45,119.25,147.15,147.78,87.30,108.72,110.61,71.01,67.59,117.99,47.52,102.51,204.93,74.34,108.54,131.85,68.49,678.96,"43,613.28"
JUNIN,SATIPO,PANGOA,120606,1294.83,830.43,721.62,1460.34,3086.64,1031.94,978.12,2100.96,2201.85,1866.33,1630.62,1442.97,1661.49,2729.52,1977.84,3942.09,2299.05,1950.48,3689.01,4715.91,2986.56,2174.94,3021.30,2226.24,"8,430.30","287,946.54"
JUNIN,SATIPO,RIO NEGRO,120607,468.27,225.00,60.93,443.97,1065.15,305.46,278.19,299.16,409.95,281.43,247.14,320.76,351.54,597.69,457.11,451.53,542.16,234.63,589.86,882.45,755.73,338.58,212.04,267.21,380.16,"14,403.96"
JUNIN,SATIPO,RIO TAMBO,120608,2242.44,1048.68,1620.18,2321.91,3103.11,1717.83,1429.56,2007.27,2689.83,1926.09,2385.36,2618.55,3082.14,3589.47,2885.58,6120.81,2726.82,3023.46,3567.69,4435.92,3351.15,1928.16,5059.08,2448.54,"26,367.84","876,898.89"
JUNIN,SATIPO,VIZCATÁN DEL ENE,120609,558.81,84.96,191.25,387.63,455.13,578.16,235.98,317.97,524.97,459.81,300.96,190.53,277.20,321.66,505.08,667.35,761.94,826.38,1698.66,934.56,207.45,73.89,214.38,187.92,"2,049.30","40,752.09"
JUNIN,TARMA,HUASAHUASI,120704,8.82,0.99,0.72,5.31,4.59,2.43,7.92,4.05,1.98,8.91,28.98,13.14,11.97,8.82,3.33,19.98,42.48,4.23,13.14,45.45,2.70,9.54,29.25,16.65,109.44,"12,693.60"
JUNIN,TARMA,PALCA,120706,2.88,0.27,2.79,4.05,2.70,0.99,0.45,1.53,2.25,0.27,2.25,2.25,1.35,3.33,0.54,1.53,7.02,4.59,16.20,9.72,0.18,1.35,9.45,3.87,90.45,"2,521.44"
JUNIN,TARMA,SAN PEDRO DE CAJAS,120708,2.70,0.45,0.00,0.18,0.00,0.09,0.00,1.35,0.00,10.08,4.41,1.08,0.18,1.26,0.00,1.89,22.32,0.00,0.09,1.08,0.00,0.72,2.16,0.00,12.87,502.83
LA LIBERTAD,BOLIVAR,UCHUMARCA,130305,0.45,0.81,0.81,0.99,0.09,4.41,0.00,1.26,0.00,0.18,2.25,0.00,0.00,0.27,0.00,0.45,0.27,0.00,0.00,0.00,1.08,0.00,0.45,3.51,0.00,600.75
LA LIBERTAD,BOLIVAR,UCUNCHA,130306,0.00,0.45,0.00,0.54,0.00,0.27,0.00,0.36,0.00,0.00,0.00,0.00,0.00,0.09,0.63,0.63,1.98,0.45,0.00,0.00,0.00,0.00,0.00,1.08,0.00,283.32
LA LIBERTAD,PATAZ,ONGON,130807,23.58,25.92,15.03,48.33,82.17,26.91,45.54,18.90,57.87,110.16,43.29,35.19,47.52,48.33,105.39,76.59,104.67,142.02,37.17,128.07,24.12,99.09,78.48,153.00,649.35,"66,817.98"
LORETO,MAYNAS,IQUITOS,160101,148.77,42.39,40.77,94.05,96.30,37.89,60.93,96.66,122.22,86.49,96.39,110.97,52.56,108.00,71.37,72.36,44.64,94.68,81.90,126.63,37.62,67.41,57.87,54.72,"2,165.58","20,358.45"
LORETO,MAYNAS,ALTO NANAY,160102,173.88,91.89,83.34,186.03,161.28,128.52,61.92,122.31,176.22,236.70,111.60,210.33,229.59,176.31,176.40,159.93,248.04,105.30,69.84,158.31,60.03,38.34,92.88,90.63,"14,198.40","1,432,693.17"
LORETO,MAYNAS,FERNANDO LORES,160103,532.62,135.99,110.70,535.32,497.16,135.72,134.55,547.65,589.77,305.82,242.10,423.45,1884.96,934.65,643.95,547.74,188.46,255.24,151.92,366.30,105.84,148.86,166.86,191.97,"32,728.95","375,450.12"
LORETO,MAYNAS,INDIANA,160104,299.43,126.00,62.19,192.42,135.27,51.57,62.28,231.39,161.55,83.16,156.60,236.34,166.05,323.55,209.79,266.85,87.21,108.63,60.03,185.94,37.44,105.03,544.68,112.32,"14,381.64","300,529.35"
LORETO,MAYNAS,LAS AMAZONAS,160105,208.08,145.80,57.24,128.79,222.57,78.21,127.71,280.26,229.86,215.10,251.46,245.16,240.21,526.05,414.63,817.47,246.33,264.69,227.34,499.59,152.10,128.43,140.67,159.75,"33,792.84","618,790.23"
LORETO,MAYNAS,MAZAN,160106,428.67,294.93,136.98,568.08,300.42,145.53,80.73,582.12,316.35,337.59,581.76,644.85,338.67,762.66,550.08,665.64,171.27,397.44,271.26,501.03,159.39,276.84,216.27,207.54,"26,262.72","952,572.42"
LORETO,MAYNAS,NAPO,160107,477.99,341.91,369.27,515.43,457.65,183.06,170.82,705.87,385.92,733.41,438.48,1085.22,701.28,1242.54,803.43,902.52,287.01,559.35,352.71,648.90,201.33,505.26,203.31,900.72,"79,189.38","2,302,002.72"
LORETO,MAYNAS,PUNCHANA,160108,582.12,175.59,172.71,331.38,448.83,279.54,137.16,381.33,345.42,286.56,324.45,300.78,212.40,390.78,306.36,262.08,108.63,186.39,175.68,301.41,145.35,212.40,206.01,155.88,"4,002.93","132,560.46"
LORETO,MAYNAS,TORRES CAUSANA,160110,22.59,152.73,78.84,150.57,63.81,52.38,79.74,84.96,65.43,228.24,152.73,269.01,158.04,244.80,235.80,283.41,104.85,167.85,119.52,329.94,99.00,208.53,125.28,128.43,"33,052.14","643,688.37"
LORETO,MAYNAS,BELEN,160112,190.53,41.85,44.19,193.32,148.59,31.86,35.73,118.53,283.59,73.17,92.07,184.77,83.97,160.83,112.59,237.78,59.76,80.10,52.47,119.34,22.41,66.87,71.10,78.48,"10,985.31","39,352.32"
LORETO,MAYNAS,SAN JUAN BAUTISTA,160113,1047.24,464.94,291.78,846.00,1217.52,281.16,389.43,1038.15,1187.55,656.46,439.74,880.83,517.77,909.45,533.97,808.65,507.69,600.75,426.15,613.26,317.07,393.21,422.91,373.23,"3,913.20","271,201.05"
LORETO,ALTO AMAZONAS,YURIMAGUAS,160201,716.31,1726.38,641.34,1753.47,2313.09,1127.70,5368.68,3943.35,2580.57,3010.86,2244.87,2395.35,2317.77,2298.87,1483.92,1624.32,964.17,1166.85,709.02,1303.29,993.42,1129.14,1363.77,1183.50,"10,955.43","97,647.93"
LORETO,ALTO AMAZONAS,BALSAPUERTO,160202,575.55,945.81,490.41,1138.68,1260.81,373.95,1336.41,1271.88,1278.18,1315.53,798.84,2037.51,1354.23,1516.50,1920.42,1426.23,831.51,1387.35,924.93,1399.50,836.01,969.03,1011.24,1072.80,"5,344.56","243,184.41"
LORETO,ALTO AMAZONAS,JEBEROS,160205,158.22,439.47,229.05,462.60,427.05,123.12,588.78,410.94,439.20,405.00,251.46,554.13,601.02,608.49,471.42,501.12,303.03,445.50,377.10,511.29,323.37,440.55,685.89,443.52,"5,097.96","411,461.28"
LORETO,ALTO AMAZONAS,LAGUNAS,160206,171.18,215.19,86.31,202.77,218.16,171.00,233.73,398.79,339.48,304.83,261.54,429.21,338.40,474.57,344.88,363.24,156.87,167.31,85.68,212.58,221.67,249.48,211.05,346.32,"23,547.51","558,514.71"
LORETO,ALTO AMAZONAS,SANTA CRUZ,160210,151.38,250.47,87.21,236.34,206.19,122.13,271.53,269.37,349.83,231.84,241.38,419.58,451.35,443.43,498.78,520.02,363.06,439.83,820.08,1077.21,605.52,394.20,344.07,527.40,"6,643.80","201,949.83"
LORETO,ALTO AMAZONAS,TENIENTE CESAR LOPEZ ROJAS,160211,309.33,346.14,309.60,475.47,522.90,356.58,461.07,719.55,714.33,707.31,772.47,918.27,806.31,798.39,676.53,1111.86,680.94,871.29,1005.66,969.66,807.93,690.93,619.11,772.56,"4,424.85","88,670.97"
LORETO,LORETO,NAUTA,160301,485.91,260.19,128.25,476.55,423.36,201.78,212.76,547.29,880.38,314.28,240.66,453.87,420.75,741.06,502.56,822.33,273.96,315.63,290.70,313.74,176.67,203.13,145.53,248.49,"44,039.43","594,600.30"
LORETO,LORETO,PARINARI,160302,66.87,54.09,157.86,147.60,174.60,156.78,127.89,98.55,211.05,201.96,87.21,348.12,187.29,324.81,375.03,206.19,123.66,104.67,30.06,68.04,93.87,104.22,75.87,196.20,"34,875.99","1,270,876.32"
LORETO,LORETO,TIGRE,160303,241.47,288.27,197.55,200.79,259.56,143.19,207.36,244.26,333.27,559.17,313.38,1363.05,694.98,759.15,859.14,1050.57,310.95,528.93,479.79,770.67,208.35,337.23,299.43,221.04,"36,498.60","1,950,739.92"
LORETO,LORETO,TROMPETEROS,160304,304.20,282.69,226.62,245.88,416.88,168.75,237.06,329.04,255.42,572.40,331.20,689.13,479.43,872.82,650.88,743.40,258.84,699.39,353.16,1009.35,246.69,591.75,379.98,422.37,"16,575.12","1,219,610.52"
LORETO,LORETO,URARINAS,160305,163.89,284.04,244.89,395.28,316.71,238.05,231.57,134.28,319.95,484.83,301.05,957.33,565.38,850.05,685.35,745.02,282.24,394.56,163.62,619.38,225.54,712.08,201.69,511.47,"35,813.79","1,510,952.94"
LORETO,MARISCAL RAMON CASTILLA,RAMON CASTILLA,160401,412.56,377.64,384.93,416.16,1602.72,707.40,424.17,601.56,1562.04,1352.07,808.29,1294.47,886.14,1412.10,1444.77,1318.14,840.69,1580.94,1480.32,2298.15,836.82,900.54,668.34,577.35,"32,107.05","613,629.99"
LORETO,MARISCAL RAMON CASTILLA,PEBAS,160402,490.50,618.48,103.23,645.48,597.78,322.74,532.89,1202.31,1178.37,1402.20,675.72,1600.74,1615.68,1691.28,1657.98,2099.88,1138.05,1096.29,1402.20,2162.88,680.40,536.67,621.00,648.09,"36,621.81","1,051,540.29"
LORETO,MARISCAL RAMON CASTILLA,YAVARI,160403,618.57,321.84,337.86,609.75,1866.78,833.85,588.33,660.15,1490.13,886.14,858.24,1504.89,1102.68,1497.78,1182.87,1289.61,589.59,1947.33,1609.92,2442.96,1508.31,1391.22,1209.24,1080.18,"29,495.16","1,369,706.58"
LORETO,MARISCAL RAMON CASTILLA,SAN PABLO,160404,1121.31,1135.98,216.45,1227.24,1065.06,689.22,1379.97,1594.26,2054.43,1510.92,1064.61,1842.30,1683.63,1992.78,1614.06,1815.57,1147.86,1244.61,1087.47,2277.18,1064.70,887.94,977.85,811.44,"31,628.07","428,152.32"
LORETO,REQUENA,REQUENA,160501,262.35,167.04,165.42,502.20,234.09,158.22,142.11,305.01,538.83,133.74,302.04,290.52,343.35,563.04,422.82,432.90,124.65,183.87,66.15,179.01,216.27,248.85,177.75,147.15,"22,989.87","258,712.74"
LORETO,REQUENA,ALTO TAPICHE,160502,141.75,85.68,67.32,103.23,373.59,65.25,69.21,91.26,288.36,1076.49,348.03,166.41,261.27,349.74,306.81,302.40,337.05,45.54,43.83,87.75,48.96,53.64,44.73,61.74,"6,813.81","857,748.06"
LORETO,REQUENA,CAPELO,160503,37.62,32.31,39.78,45.99,26.10,22.95,55.98,51.39,86.94,20.97,40.86,33.84,69.03,69.84,47.70,173.43,32.85,22.59,5.31,12.96,14.58,16.38,96.66,13.41,"8,683.83","62,564.76"
LORETO,REQUENA,EMILIO SAN MARTIN,160504,122.13,96.39,81.90,180.72,214.65,158.22,136.98,158.58,297.99,159.48,171.63,174.96,127.08,227.25,261.81,366.21,403.20,163.35,86.04,180.99,167.67,116.82,94.59,195.03,"19,360.17","413,826.30"
LORETO,REQUENA,MAQUIA,160505,114.30,178.02,201.06,214.29,133.02,184.68,114.30,155.16,380.16,260.28,217.35,606.42,328.68,575.37,458.01,443.88,273.51,261.00,417.24,321.93,502.29,327.69,182.61,288.90,"24,082.20","409,818.33"
LORETO,REQUENA,PUINAHUA,160506,42.75,43.20,63.45,79.92,69.30,79.47,44.73,94.50,268.11,113.31,58.14,323.82,257.76,382.77,112.32,630.00,77.67,153.99,37.17,26.64,101.25,101.16,88.11,64.80,"32,302.53","547,664.58"
LORETO,REQUENA,SAQUENA,160507,128.43,43.92,24.66,181.35,74.61,54.45,60.21,126.27,219.96,112.23,90.45,84.69,106.74,196.56,63.99,135.00,51.03,78.39,42.75,181.17,46.62,100.35,87.84,57.06,"11,905.02","237,512.79"
LORETO,REQUENA,SOPLIN,160508,45.81,24.93,6.66,39.06,21.51,14.67,33.48,34.56,76.41,14.67,45.09,74.88,106.92,154.44,78.93,101.52,61.56,29.16,21.96,40.41,13.14,45.18,20.16,15.75,"3,432.06","463,516.29"
LORETO,REQUENA,TAPICHE,160509,46.62,21.15,19.98,63.81,46.89,21.96,38.79,57.33,178.02,28.80,47.61,70.38,152.01,117.54,53.46,66.33,41.31,20.34,8.19,51.57,54.90,12.96,30.51,17.46,"4,006.35","200,643.21"
LORETO,REQUENA,JENARO HERRERA,160510,111.42,70.47,54.45,175.23,76.41,47.61,45.90,132.66,228.51,61.83,84.24,86.13,86.31,168.12,100.35,167.67,92.34,85.14,106.65,124.20,81.36,122.31,98.28,64.26,"8,954.73","97,437.33"
LORETO,REQUENA,YAQUERANA,160511,294.12,201.78,141.12,377.01,241.11,126.09,86.94,224.19,409.95,239.22,233.01,352.80,346.77,532.44,300.60,418.50,311.31,327.33,261.36,329.40,233.37,325.17,185.22,234.27,"7,853.58","1,087,651.98"
LORETO,UCAYALI,CONTAMANA,160601,738.99,1209.15,932.49,784.26,1086.75,928.80,886.95,1301.49,1436.31,889.92,1973.43,1588.86,1383.12,2054.79,2306.34,2510.55,1530.99,1760.58,2255.58,1996.56,1377.18,2397.51,1991.52,2163.33,"35,586.90","983,633.31"
LORETO,UCAYALI,INAHUAYA,160602,75.33,118.26,97.65,100.62,140.67,64.62,128.79,655.83,172.26,109.08,211.14,125.55,161.37,143.91,128.97,149.40,226.98,261.09,243.72,204.12,93.69,97.56,181.80,121.41,"2,953.26","51,845.40"
LORETO,UCAYALI,PADRE MARQUEZ,160603,222.75,253.71,199.26,178.38,329.85,303.21,237.06,265.23,482.31,676.08,392.49,307.98,249.12,608.31,748.44,670.41,476.46,429.30,835.02,636.30,1730.61,3520.08,1559.61,2009.25,"24,394.14","187,505.19"
LORETO,UCAYALI,PAMPA HERMOSA,160604,538.65,899.82,818.28,1303.11,1555.11,892.35,1511.82,1716.39,1893.42,1512.18,1816.02,1195.65,1557.72,1704.06,1240.92,1084.23,1045.98,871.11,893.97,1015.02,936.00,1251.81,1081.26,1046.25,"15,543.36","687,396.60"
LORETO,UCAYALI,SARAYACU,160605,228.24,257.85,248.85,325.35,360.81,467.37,244.35,372.69,447.84,412.56,378.00,784.71,716.40,1117.35,653.58,1177.20,939.06,1177.92,1594.98,1916.64,889.38,1192.50,2189.34,1425.15,"46,595.97","532,530.72"
LORETO,UCAYALI,VARGAS GUERRA,160606,394.11,447.57,545.76,402.75,552.69,396.72,352.98,973.98,607.05,247.95,575.73,858.96,981.36,1164.87,650.79,711.09,559.26,469.44,691.56,620.01,328.68,393.03,452.88,834.21,"9,385.65","155,910.24"
LORETO,DATEM DEL MARAÑON,BARRANCA,160701,199.53,250.02,140.13,432.36,280.53,219.51,354.42,292.68,297.18,306.00,298.08,581.31,395.46,714.42,637.83,475.20,247.14,410.76,321.03,405.27,194.94,525.06,354.15,712.08,"22,103.73","695,054.61"
LORETO,DATEM DEL MARAÑON,CAHUAPANAS,160702,161.91,447.03,209.61,403.65,562.95,76.86,532.26,340.92,477.18,491.58,248.85,849.33,649.44,910.89,1200.96,656.55,268.65,744.48,402.12,551.61,394.02,520.92,479.79,626.04,"7,275.78","449,680.86"
LORETO,DATEM DEL MARAÑON,MANSERICHE,160703,173.88,399.42,178.74,232.56,191.79,410.49,304.29,301.50,541.71,248.13,432.18,722.88,671.22,323.73,975.87,665.46,531.18,605.97,575.01,1280.52,460.44,629.19,405.36,658.44,"15,865.92","318,262.05"
LORETO,DATEM DEL MARAÑON,MORONA,160704,171.18,265.23,195.75,238.86,183.24,235.80,292.41,209.52,269.19,171.18,313.56,518.31,479.07,335.79,580.41,667.35,453.33,466.74,284.49,700.29,419.76,489.96,394.65,548.55,"24,286.14","1,065,458.88"
LORETO,DATEM DEL MARAÑON,PASTAZA,160705,103.41,159.57,70.83,236.34,204.39,101.70,261.63,228.69,274.23,310.05,214.29,499.59,355.68,576.00,434.43,515.52,153.09,301.86,334.98,466.65,181.53,775.17,419.76,807.84,"31,658.67","858,047.94"
LORETO,DATEM DEL MARAÑON,ANDOAS,160706,158.22,334.17,108.72,192.33,208.71,134.73,257.67,197.91,161.82,347.31,175.86,486.45,304.56,1001.79,580.50,1173.15,150.12,558.54,263.88,977.49,226.26,672.84,242.01,672.66,"37,056.33","1,121,171.67"
LORETO,PUTUMAYO,PUTUMAYO,160801,128.16,98.19,43.29,137.61,73.26,48.06,38.25,236.07,100.35,91.80,156.42,393.57,175.68,494.37,198.54,182.97,58.68,55.17,37.62,83.70,31.23,137.25,44.64,40.86,"30,914.28","1,070,233.47"
LORETO,PUTUMAYO,ROSA PANDURO,160802,56.43,25.29,46.08,28.98,40.86,42.66,7.65,73.08,24.30,116.55,76.32,69.21,32.49,77.40,57.69,776.07,11.16,168.84,22.05,27.45,10.71,21.78,16.11,25.11,"15,546.78","697,804.47"
LORETO,PUTUMAYO,TENIENTE MANUEL CLAVERO,160803,117.90,300.42,165.78,208.44,207.90,191.25,235.08,276.21,123.21,442.53,198.54,277.20,255.06,511.02,367.74,1578.60,234.00,1143.45,307.62,740.07,837.72,594.63,172.89,188.37,"24,111.63","919,233.09"
LORETO,PUTUMAYO,YAGUAS,160804,71.91,59.22,24.57,50.22,98.10,47.52,38.25,27.90,90.09,101.16,48.87,130.50,176.31,426.96,271.44,254.34,69.84,195.93,171.45,333.27,69.93,90.18,98.19,78.84,"32,280.39","1,765,453.59"
MADRE DE DIOS,TAMBOPATA,TAMBOPATA,170101,1053.54,836.46,749.16,922.32,1776.96,746.10,860.94,1565.28,820.62,1611.54,1042.56,1358.91,1098.81,1128.15,1199.25,1889.37,966.42,1512.27,791.10,1657.89,1104.66,1393.02,793.89,1282.77,"43,480.35","1,967,758.83"
MADRE DE DIOS,TAMBOPATA,INAMBARI,170102,674.82,794.79,898.56,1359.45,627.39,802.98,1112.58,1708.11,1217.52,3479.04,3103.38,3806.73,3124.53,3581.28,5555.34,4135.95,6823.89,6787.44,5238.90,5919.21,4466.34,6833.34,5914.26,5182.11,"25,907.49","365,965.38"
MADRE DE DIOS,TAMBOPATA,LAS PIEDRAS,170103,1151.64,906.84,838.35,1170.27,2342.07,612.00,966.15,1561.86,786.78,1911.15,1349.28,1146.24,1294.29,2062.80,1764.27,2261.88,1423.62,2882.61,1813.59,2527.29,2437.47,1557.27,1646.73,1923.84,"11,888.19","698,203.35"
MADRE DE DIOS,TAMBOPATA,LABERINTO,170104,470.43,529.11,548.37,575.37,624.78,604.17,449.19,787.95,532.80,1290.51,785.88,1079.19,1141.47,1253.25,1116.99,1185.03,1761.84,1721.97,1423.80,2076.84,1957.14,2029.50,1872.63,1535.40,"9,934.83","220,429.08"
MADRE DE DIOS,MANU,MANU,170201,576.27,501.21,180.36,478.44,389.16,102.51,218.25,214.02,125.19,332.91,494.19,164.34,215.73,538.29,284.67,344.97,402.84,310.05,56.16,215.46,139.68,196.38,143.10,154.44,"32,832.81","811,310.22"
MADRE DE DIOS,MANU,FITZCARRALD,170202,76.86,93.87,180.63,220.50,79.65,58.41,266.31,134.64,98.28,90.63,90.99,97.11,135.90,774.99,260.91,175.86,181.44,236.79,216.54,214.74,278.91,292.41,176.40,294.03,"25,558.02","1,032,511.50"
MADRE DE DIOS,MANU,MADRE DE DIOS,170203,462.15,364.77,821.43,744.75,324.36,1162.71,1670.76,1164.60,652.23,2622.78,1640.34,1713.69,1729.17,1610.10,2254.77,1875.33,3219.84,2719.26,3106.44,3533.40,2765.25,4564.26,3584.97,2887.56,"31,452.21","701,271.63"
MADRE DE DIOS,MANU,HUEPETUHE,170204,160.20,245.34,456.93,506.61,305.37,233.28,550.62,397.26,294.30,984.06,850.05,690.39,817.11,655.47,980.55,505.98,1597.05,1482.12,721.44,938.88,646.02,1748.07,963.36,822.69,"6,364.08","115,790.40"
MADRE DE DIOS,TAHUAMANU,IÑAPARI,170301,208.08,200.43,146.07,410.85,316.26,419.49,309.96,650.16,306.36,553.14,650.88,587.52,966.24,1064.52,1036.35,1073.34,2360.43,1738.08,2821.68,1651.05,2804.85,1506.78,472.50,2782.62,"13,419.99","1,341,826.20"
MADRE DE DIOS,TAHUAMANU,IBERIA,170302,387.45,371.52,478.35,793.80,735.75,651.78,495.27,1614.33,549.27,930.87,955.35,615.96,1103.58,1469.79,1625.58,2283.12,3069.99,2006.19,3403.26,1728.00,2878.74,1965.24,995.13,7142.85,"1,907.10","203,462.10"
MADRE DE DIOS,TAHUAMANU,TAHUAMANU,170303,381.06,378.90,328.23,583.83,765.90,362.97,437.49,704.43,307.89,479.70,804.87,440.91,773.82,1628.10,1723.32,1323.81,1861.29,2095.02,1784.97,2579.31,3663.00,2399.13,2215.62,7373.70,"2,518.92","305,006.85"
PASCO,PASCO,HUACHON,190102,24.75,17.64,9.54,36.36,18.72,32.94,26.55,50.85,17.82,21.24,52.02,19.98,26.01,32.22,33.39,110.88,281.88,34.47,52.47,177.21,104.31,94.68,91.44,94.77,143.46,"18,509.04"
PASCO,PASCO,PAUCARTAMBO,190107,4.77,14.13,10.71,11.61,5.31,9.36,7.74,9.18,8.37,13.23,14.58,8.37,3.24,3.60,13.50,53.91,169.47,8.19,23.67,25.11,15.39,13.86,39.51,11.25,74.25,"11,605.86"
PASCO,PASCO,TICLACAYAN,190110,3.96,1.98,0.72,2.34,0.18,0.45,1.71,2.61,1.17,0.09,0.54,3.60,1.35,2.16,6.84,6.84,34.92,10.89,8.37,4.68,0.45,4.95,0.72,1.89,0.00,"1,063.53"
PASCO,OXAPAMPA,OXAPAMPA,190301,55.08,54.00,37.98,70.38,132.93,63.72,88.29,45.00,96.57,80.28,133.56,83.61,102.24,186.12,152.91,171.54,322.29,65.16,116.46,175.86,82.53,89.82,144.45,108.18,158.76,"25,968.06"
PASCO,OXAPAMPA,CHONTABAMBA,190302,40.23,53.19,43.20,48.69,76.05,78.48,38.16,38.16,65.43,49.05,98.19,46.62,60.93,126.45,84.33,98.64,259.29,45.18,89.73,187.47,101.52,81.54,107.19,61.11,300.33,"28,686.78"
PASCO,OXAPAMPA,HUANCABAMBA,190303,133.47,159.39,103.23,198.27,190.62,157.32,235.71,218.61,155.79,185.49,258.93,210.33,183.51,248.85,361.89,456.93,776.61,176.94,99.27,292.32,219.87,187.29,285.12,180.45,544.14,"59,664.69"
PASCO,OXAPAMPA,PALCAZU,190304,781.29,1479.60,1459.62,885.06,1505.79,1054.89,1091.79,942.21,1521.54,1671.66,1164.96,1236.06,1345.95,1916.37,1829.43,1663.56,1103.67,957.33,996.21,1643.85,1163.34,788.49,799.83,603.63,"7,408.17","197,883.27"
PASCO,OXAPAMPA,POZUZO,190305,56.79,60.30,102.24,73.17,69.57,83.25,74.88,70.65,118.17,125.73,111.24,183.78,153.00,271.08,235.35,224.01,524.97,225.09,75.87,193.59,133.11,78.57,265.95,73.62,894.51,"49,328.55"
PASCO,OXAPAMPA,PUERTO BERMUDEZ,190306,1292.49,990.18,629.19,1672.47,2821.68,1649.16,707.76,1174.05,2878.20,2629.71,2051.46,3782.61,3376.89,3718.44,2757.69,3045.33,2941.20,2630.70,2700.09,3602.34,2125.98,2392.56,1728.45,1495.80,"7,785.72","662,645.34"
PASCO,OXAPAMPA,VILLA RICA,190307,172.62,128.79,53.10,135.81,337.23,134.01,96.12,40.14,255.42,135.81,96.21,188.28,283.05,462.06,256.95,284.04,276.57,109.08,345.15,386.28,147.42,239.22,204.75,161.64,682.29,"58,152.24"
PASCO,OXAPAMPA,CONSTITUCION,190308,1029.15,614.07,810.18,1051.02,2701.35,1089.36,763.74,935.37,2465.19,2389.14,2083.14,2822.13,2086.83,3020.31,1745.91,1387.80,1399.59,1347.30,1530.09,1990.44,1503.27,1058.31,892.98,864.72,"6,057.72","241,256.70"
PIURA,AYABACA,AYABACA,200201,108.09,47.70,37.35,58.14,77.40,78.12,36.00,44.82,27.00,18.63,32.94,29.34,23.49,34.74,29.16,83.97,95.76,7.83,10.26,9.27,3.96,9.00,8.19,18.36,6.21,"2,744.28"
PIURA,AYABACA,PACAIPAMPA,200206,4.14,0.81,0.27,0.18,1.80,0.45,0.09,0.90,0.72,0.00,0.00,0.54,0.72,0.54,0.00,1.53,11.16,0.54,0.45,0.00,0.18,0.90,0.18,0.36,0.00,323.19
PIURA,HUANCABAMBA,HUANCABAMBA,200301,2.25,6.03,3.06,0.27,2.61,1.71,2.70,1.98,2.43,1.71,0.09,0.09,0.09,0.81,1.35,2.16,51.75,3.24,0.00,0.27,0.72,2.16,2.97,2.70,0.00,"1,262.16"
PIURA,HUANCABAMBA,EL CARMEN DE LA FRONTERA,200303,102.15,184.59,53.46,80.46,102.42,104.76,223.02,93.87,84.24,132.93,286.92,48.33,18.90,25.56,67.05,63.63,126.36,34.11,10.35,52.65,19.26,85.95,24.03,118.89,216.18,"29,426.76"
PIURA,HUANCABAMBA,SONDOR,200307,38.52,35.82,0.54,1.80,44.82,10.71,19.17,6.57,10.08,20.16,6.03,0.90,0.18,1.44,9.72,40.59,175.77,12.87,2.88,2.79,0.72,6.48,8.19,27.45,0.18,"6,914.43"
PUNO,CARABAYA,AYAPATA,210303,113.40,216.18,238.14,462.96,38.88,106.11,138.42,113.67,107.10,328.86,432.99,400.59,338.49,1255.59,673.65,421.38,1652.31,1787.85,412.11,662.67,223.47,250.83,253.44,187.02,"4,389.57","143,785.62"
PUNO,CARABAYA,COASA,210304,49.59,16.47,26.82,48.78,72.09,20.34,23.04,53.46,24.57,152.91,36.36,16.74,51.39,55.62,40.59,77.76,197.46,77.76,2.88,17.46,4.05,44.55,34.38,80.37,"5,288.49","226,827.00"
PUNO,CARABAYA,ITUATA,210307,7.38,7.38,12.87,15.30,12.87,10.44,15.30,11.07,4.68,65.16,14.04,8.64,15.39,27.81,19.80,13.59,95.67,17.73,6.84,2.97,12.15,29.70,36.54,18.45,"1,043.64","41,256.09"
PUNO,CARABAYA,OLLACHEA,210308,0.36,4.05,9.90,2.61,5.22,7.65,1.62,1.35,6.39,3.60,1.89,2.52,2.34,3.42,25.56,15.39,82.62,2.88,0.09,1.44,0.00,6.75,11.97,0.45,236.43,"6,902.46"
PUNO,CARABAYA,SAN GABAN,210309,43.29,28.53,50.40,97.02,23.58,17.37,18.36,24.48,12.06,56.16,34.38,23.58,39.60,87.39,65.25,91.71,340.29,183.69,81.72,277.65,46.35,58.05,55.98,39.78,"1,980.54","60,606.81"
PUNO,CARABAYA,USICAYOS,210310,0.27,0.00,0.00,0.45,0.09,0.00,0.09,0.18,0.00,0.18,0.72,1.17,0.54,1.53,0.00,0.00,8.19,0.00,0.18,2.16,5.58,8.37,2.97,1.26,89.28,"1,449.00"
PUNO,SAN ANTONIO DE PUTINA,SINA,211005,18.18,0.36,1.35,11.25,4.23,1.35,3.24,0.90,0.18,4.68,7.20,0.09,0.72,0.72,3.60,15.48,99.27,10.35,0.72,1.26,0.09,18.72,15.93,3.15,0.00,"6,872.76"
PUNO,SANDIA,SANDIA,211201,3.96,1.62,1.98,8.91,7.92,1.89,0.54,3.33,4.05,17.73,2.70,4.95,8.10,4.14,2.43,8.91,103.86,4.50,5.04,6.66,0.99,10.98,86.13,1.17,94.59,"14,609.88"
PUNO,SANDIA,CUYOCUYO,211202,0.00,0.00,0.00,0.00,0.00,0.00,0.00,0.00,0.00,0.00,0.00,0.00,0.00,0.00,0.00,0.00,0.00,0.00,0.00,0.00,0.00,0.00,0.00,0.00,0.00,0.00
PUNO,SANDIA,LIMBANI,211203,59.94,24.12,39.96,26.46,172.98,40.50,17.01,31.95,38.52,124.56,38.07,59.94,28.62,61.92,20.43,34.65,220.23,68.58,16.74,77.76,9.27,102.51,100.98,24.93,"4,492.17","187,156.62"
PUNO,SANDIA,PATAMBUCO,211204,23.04,4.50,1.26,8.55,4.41,1.89,4.14,0.81,0.18,3.87,2.61,0.63,5.49,0.63,0.36,3.15,23.94,2.07,4.77,4.86,0.54,14.76,16.56,0.00,0.00,"4,674.15"
PUNO,SANDIA,PHARA,211205,3.78,4.32,16.47,3.60,60.03,10.71,5.40,10.62,1.08,55.71,6.03,7.47,19.44,8.28,7.02,136.44,81.45,37.71,28.53,44.73,2.16,46.17,45.00,33.75,358.92,"19,080.27"
PUNO,SANDIA,QUIACA,211206,1.89,0.36,0.00,0.90,0.18,0.99,0.09,0.99,0.36,3.69,1.89,1.98,1.08,3.51,0.72,4.41,25.11,0.27,0.27,5.58,0.00,22.32,11.70,0.00,0.00,"3,454.47"
PUNO,SANDIA,SAN JUAN DEL ORO,211207,17.64,26.01,14.58,4.32,50.22,19.35,10.53,36.18,7.47,49.77,9.99,17.01,11.61,36.45,30.33,105.48,49.68,360.00,399.06,396.72,54.36,33.30,164.43,74.88,223.38,"15,366.87"
PUNO,SANDIA,YANAHUAYA,211208,10.08,33.84,29.25,19.62,83.07,26.82,12.06,26.01,9.90,55.98,20.52,25.02,43.20,34.74,71.73,100.71,191.16,206.55,445.14,425.25,1.08,123.21,268.20,113.49,368.46,"51,669.36"
PUNO,SANDIA,ALTO INAMBARI,211209,83.16,107.19,251.55,67.95,920.79,155.88,81.45,279.90,74.43,480.78,58.50,109.98,125.28,165.78,152.46,373.77,873.54,1020.69,881.28,1522.53,377.73,449.46,328.77,223.38,"2,240.91","108,839.43"
PUNO,SANDIA,SAN PEDRO DE PUTINA PUNCO,211210,334.62,358.20,249.21,140.13,624.42,309.87,571.95,444.69,247.41,749.70,275.04,249.48,474.12,1194.75,702.54,705.87,1728.90,2920.68,1430.46,2151.45,1153.08,331.74,267.66,144.36,"12,458.88","515,115.99"
SAN MARTIN,MOYOBAMBA,MOYOBAMBA,220101,1113.66,1762.29,1110.51,1884.24,2552.04,1449.09,4668.12,1731.42,3428.82,6519.15,3747.42,4283.19,2643.48,1946.52,1489.05,1082.79,864.45,1139.31,473.13,1230.12,860.13,1221.84,1595.43,1571.85,"2,146.95","177,394.05"
SAN MARTIN,MOYOBAMBA,CALZADA,220102,22.77,55.35,38.61,53.10,83.34,16.20,66.33,31.14,39.60,97.11,42.93,70.65,65.61,79.38,54.72,60.93,96.75,72.27,9.90,85.77,73.53,75.51,102.60,57.15,94.59,"2,568.96"
SAN MARTIN,MOYOBAMBA,HABANA,220103,16.92,25.02,28.08,27.00,40.59,11.88,63.45,18.90,30.24,50.13,23.67,33.48,23.94,40.23,26.19,36.27,47.52,83.88,8.37,37.89,6.12,19.44,40.41,9.18,106.29,"1,230.30"
SAN MARTIN,MOYOBAMBA,JEPELACIO,220104,149.31,245.34,244.08,372.87,631.62,148.50,607.95,132.84,446.85,455.76,102.06,209.52,218.16,315.27,168.57,193.50,11.88,354.06,61.92,189.09,86.22,91.80,205.92,206.19,427.86,"11,563.38"
SAN MARTIN,MOYOBAMBA,SORITOR,220105,232.11,453.24,378.81,645.75,1329.84,249.03,715.05,280.17,705.78,725.13,345.33,571.41,637.11,579.69,274.50,367.74,30.69,529.83,176.04,512.19,276.03,329.40,452.61,524.25,732.60,"32,420.88"
SAN MARTIN,MOYOBAMBA,YANTALO,220106,57.33,36.63,27.81,49.95,77.40,10.62,80.28,23.49,23.85,40.50,35.28,42.57,68.04,23.94,26.01,29.79,20.79,37.71,9.99,36.81,49.05,29.70,60.66,40.77,280.17,"2,324.16"
SAN MARTIN,BELLAVISTA,BELLAVISTA,220201,149.13,24.66,34.02,46.35,162.45,14.40,48.33,10.44,72.90,80.19,6.57,9.09,6.93,54.18,47.07,89.91,26.46,74.70,6.75,44.01,27.18,52.47,12.60,2.34,969.12,"2,538.54"
SAN MARTIN,BELLAVISTA,ALTO BIAVO,220202,1138.05,1418.94,893.07,1699.92,1933.83,788.76,2203.38,1034.55,3708.99,2407.68,2326.95,2435.31,2201.85,2509.65,1910.70,1933.47,840.96,2595.33,1116.45,1762.56,1449.81,2061.18,1758.42,2083.14,"5,487.03","526,775.67"
SAN MARTIN,BELLAVISTA,BAJO BIAVO,220203,1432.62,1963.08,1166.31,2083.50,2777.49,1195.38,2521.53,1539.99,3280.23,2228.58,1571.40,1385.01,952.83,1407.24,894.42,931.32,781.47,1292.67,408.15,1017.99,846.00,1545.75,990.72,606.06,"1,081.08","46,688.76"
SAN MARTIN,BELLAVISTA,HUALLAGA,220204,546.12,693.81,267.66,615.15,737.19,205.92,1194.93,185.76,1309.32,727.56,417.06,380.88,399.78,473.13,293.85,282.78,53.37,318.33,80.64,191.97,198.00,245.79,121.68,71.10,121.41,"10,231.92"
SAN MARTIN,BELLAVISTA,SAN PABLO,220205,260.19,197.10,253.17,256.77,437.49,84.15,399.15,16.02,345.96,154.17,99.18,79.02,20.25,53.01,48.33,129.33,22.86,81.18,10.35,32.40,51.75,90.18,61.11,62.19,342.45,"4,522.50"
SAN MARTIN,BELLAVISTA,SAN RAFAEL,220206,19.80,5.94,7.11,11.79,50.94,1.17,7.65,27.81,42.30,18.45,27.09,2.61,0.63,30.78,3.15,17.82,23.13,33.66,0.27,5.49,1.17,6.93,4.23,0.00,"1,501.20",487.89
SAN MARTIN,EL DORADO,SAN JOSE DE SISA,220301,155.16,139.50,173.88,151.74,237.42,49.95,454.50,22.23,231.48,141.12,60.39,88.38,47.70,94.23,52.92,69.84,30.24,56.97,8.46,34.11,33.66,44.37,47.34,61.02,199.98,"6,189.93"
SAN MARTIN,EL DORADO,AGUA BLANCA,220302,81.81,36.00,57.33,54.63,100.35,19.98,71.10,7.56,71.91,37.35,37.17,53.19,14.76,12.69,33.39,17.91,15.66,16.74,2.25,8.46,8.82,18.63,27.00,28.53,87.21,"2,217.96"
SAN MARTIN,EL DORADO,SAN MARTIN,220303,654.93,689.22,704.07,833.76,1224.45,357.30,2036.61,334.62,1229.76,1399.41,362.07,521.73,427.86,530.37,266.76,258.75,61.56,325.44,80.28,244.53,196.47,208.80,354.87,421.65,430.20,"24,720.84"
SAN MARTIN,EL DORADO,SANTA ROSA,220304,215.46,128.79,103.05,155.97,245.61,65.88,298.35,24.93,190.17,114.75,86.13,90.09,61.56,64.53,63.72,65.79,16.83,76.95,11.43,29.88,38.79,56.25,48.33,108.81,128.88,"3,167.46"
SAN MARTIN,EL DORADO,SHATOJA,220305,54.72,28.98,26.10,23.94,62.55,8.10,74.43,1.53,31.77,23.40,11.07,14.31,10.08,11.97,11.97,9.18,7.65,10.17,5.94,12.33,12.69,21.24,21.78,14.49,66.06,"1,318.77"
SAN MARTIN,HUALLAGA,SAPOSOA,220401,300.60,332.73,298.98,546.39,846.45,263.97,570.51,103.05,868.14,563.76,691.02,678.60,431.73,705.87,476.19,453.33,301.05,311.04,88.38,428.85,300.42,423.36,280.71,556.38,494.01,"22,731.48"
SAN MARTIN,HUALLAGA,ALTO SAPOSOA,220402,574.47,351.90,442.26,709.56,1224.09,477.45,1040.76,494.64,1528.47,1640.34,1223.55,1846.80,1155.15,1248.75,629.46,796.41,313.38,843.66,368.01,945.36,719.01,934.20,1195.11,1333.17,"1,261.44","103,547.07"
SAN MARTIN,HUALLAGA,EL ESLABON,220403,28.26,43.65,29.70,37.53,75.60,12.78,44.19,0.36,55.44,62.28,19.80,15.48,13.32,43.47,30.42,32.76,15.48,22.50,6.84,22.32,13.23,29.34,16.83,8.28,135.63,"1,758.69"
SAN MARTIN,HUALLAGA,PISCOYACU,220404,147.87,222.21,160.47,291.15,457.65,56.43,484.20,30.24,508.68,222.03,204.30,196.20,125.01,276.39,191.97,178.56,160.56,132.48,94.41,98.82,61.47,131.31,85.14,161.73,188.37,"3,867.12"
SAN MARTIN,HUALLAGA,SACANCHE,220405,54.00,66.06,37.53,60.57,207.63,31.95,205.56,5.76,173.52,59.13,47.79,64.98,30.96,115.74,81.99,51.57,39.24,40.77,14.22,39.15,28.26,54.54,22.77,41.76,295.38,"2,708.64"
SAN MARTIN,HUALLAGA,TINGO DE SAPOSOA,220406,27.54,5.22,13.50,13.77,30.42,2.43,7.11,0.90,39.33,25.65,0.45,2.79,1.44,10.17,3.24,14.40,3.51,6.30,0.09,1.98,2.43,18.45,16.47,0.00,522.09,813.69
SAN MARTIN,LAMAS,LAMAS,220501,21.69,34.38,16.02,73.62,62.73,28.44,50.58,40.05,51.48,42.30,26.19,20.79,25.74,80.28,59.31,29.52,15.21,36.45,4.41,38.07,9.45,21.69,30.51,35.46,50.67,"2,168.19"
SAN MARTIN,LAMAS,ALONSO DE ALVARADO,220502,189.63,295.56,174.06,314.28,429.93,134.28,704.61,125.82,311.31,198.45,104.49,149.67,169.74,220.86,119.25,94.05,18.81,209.88,42.93,131.13,86.13,106.83,157.23,192.15,89.73,"9,078.84"
SAN MARTIN,LAMAS,BARRANQUITA,220503,366.93,704.52,483.03,784.89,1004.31,583.20,1121.13,1329.66,1503.27,2297.34,1131.48,1220.22,1021.95,1124.73,1036.17,814.41,729.18,734.58,647.82,977.58,530.46,542.25,546.48,633.15,"1,779.66","58,290.66"
SAN MARTIN,LAMAS,CAYNARACHI,220504,228.96,720.81,391.50,725.13,922.50,842.22,1384.38,1306.08,839.25,627.75,355.23,1032.93,947.34,1572.93,827.55,672.75,530.37,759.33,456.84,569.34,388.53,975.15,719.64,830.70,"1,663.65","85,378.23"
SAN MARTIN,LAMAS,CUÑUMBUQUI,220505,88.20,71.82,51.12,71.82,127.71,36.72,108.09,16.38,85.23,31.05,18.09,17.01,12.78,15.66,30.96,17.73,8.73,46.62,2.07,9.63,2.25,11.70,27.90,13.68,253.26,"2,750.22"
SAN MARTIN,LAMAS,PINTO RECODO,220506,139.23,210.15,138.60,527.76,493.47,237.33,653.67,405.72,366.75,443.16,183.06,318.24,300.78,304.92,234.63,175.05,35.64,261.09,117.99,225.90,101.07,152.91,281.52,326.43,306.00,"36,125.73"
SAN MARTIN,LAMAS,RUMISAPA,220507,3.24,3.69,1.08,10.17,13.41,5.22,3.24,2.25,5.31,2.97,5.40,2.43,5.40,9.99,6.93,5.85,4.23,3.15,0.00,3.24,1.98,2.43,2.97,4.14,2.34,311.85
SAN MARTIN,LAMAS,SAN ROQUE DE CUMBAZA,220508,53.37,48.06,39.15,189.45,129.96,92.52,224.10,111.78,118.35,120.15,70.83,160.47,130.95,149.76,136.80,57.60,48.24,44.46,18.72,45.72,25.92,66.51,59.76,63.45,567.72,"57,434.76"
SAN MARTIN,LAMAS,SHANAO,220509,0.18,9.36,0.99,7.29,7.56,1.98,5.58,1.53,4.05,4.41,0.54,1.08,1.98,9.00,4.41,3.96,4.32,8.55,1.26,5.49,2.07,3.51,3.51,4.32,36.00,385.56
SAN MARTIN,LAMAS,TABALOSOS,220510,237.87,371.97,220.77,376.20,595.35,183.51,819.99,239.49,573.03,373.59,221.58,207.27,137.16,197.46,132.12,103.23,33.03,151.74,32.31,135.90,70.83,96.93,131.13,105.03,408.24,"10,472.31"
SAN MARTIN,LAMAS,ZAPATERO,220511,38.97,57.33,33.84,53.73,37.62,18.27,110.88,6.66,56.07,38.70,21.96,16.83,13.68,15.57,16.56,10.26,3.42,32.40,3.42,12.15,4.23,6.21,13.32,16.02,91.89,"1,056.51"
SAN MARTIN,MARISCAL CACERES,JUANJUI,220601,338.13,476.37,418.95,515.34,613.17,239.31,775.80,82.62,959.58,414.36,482.22,425.70,346.86,488.43,393.75,422.37,189.45,243.09,77.04,184.50,164.25,246.42,172.26,376.83,"1,757.70","12,093.21"
SAN MARTIN,MARISCAL CACERES,CAMPANILLA,220602,624.24,520.38,353.61,538.29,772.29,269.19,759.78,200.79,1130.49,685.08,709.11,1366.83,927.18,1061.91,1025.37,1319.76,290.16,1182.78,848.52,1055.88,522.36,423.72,290.97,500.85,"3,840.48","143,285.49"
SAN MARTIN,MARISCAL CACERES,HUICUNGO,220603,1696.32,1304.55,832.95,1344.42,1917.18,918.63,1666.89,789.75,2577.69,2100.42,1715.67,1884.24,1505.88,1634.94,1427.76,1554.75,862.65,1642.41,736.11,1713.78,958.41,1535.94,1518.12,1347.66,"7,493.22","705,492.99"
SAN MARTIN,MARISCAL CACERES,PACHIZA,220604,430.74,364.77,265.95,478.89,524.61,270.54,732.51,156.78,989.82,663.75,1137.06,1229.67,925.65,1029.96,976.59,1105.11,514.44,703.89,505.53,797.94,440.19,743.94,630.54,900.18,"2,028.33","148,939.65"
SAN MARTIN,MARISCAL CACERES,PAJARILLO,220605,702.63,663.39,595.98,981.36,710.46,214.38,1004.40,103.68,1427.76,623.34,407.43,391.68,241.11,419.31,275.76,357.03,54.27,176.85,40.50,130.68,104.67,282.69,93.87,110.79,924.48,"8,683.74"
SAN MARTIN,PICOTA,PICOTA,220701,56.52,157.14,158.04,157.77,216.27,81.18,256.05,55.35,144.18,83.25,27.99,45.90,45.90,36.54,26.10,31.50,12.78,61.20,14.76,18.27,45.72,159.12,79.83,27.09,"1,395.54","4,921.11"
SAN MARTIN,PICOTA,BUENOS AIRES,220702,63.45,96.93,53.46,73.98,100.44,48.15,117.09,37.80,109.98,71.28,24.93,17.73,15.93,17.73,36.18,39.42,10.89,50.94,5.67,13.05,11.97,60.48,26.64,19.80,610.38,"4,503.06"
SAN MARTIN,PICOTA,CASPISAPA,220703,15.57,6.03,1.89,12.87,25.29,11.88,44.82,3.60,51.21,53.10,16.56,8.46,3.87,13.59,7.38,17.64,8.19,25.83,4.41,10.44,9.54,34.92,30.78,3.87,382.41,"2,981.43"
SAN MARTIN,PICOTA,PILLUANA,220704,2.34,5.94,1.89,3.06,5.13,1.71,7.20,1.53,6.03,4.05,3.15,2.61,1.17,3.15,3.42,17.46,0.63,5.85,0.54,1.17,0.36,5.49,3.42,4.41,233.28,"1,249.47"
SAN MARTIN,PICOTA,PUCACACA,220705,45.63,128.25,75.33,78.93,89.37,25.11,176.40,9.36,75.51,90.18,20.16,13.59,6.93,13.23,20.61,28.62,6.48,16.38,4.23,8.28,8.82,39.96,43.11,19.98,793.17,"4,975.20"
SAN MARTIN,PICOTA,SAN CRISTOBAL,220706,2.52,6.93,3.06,8.73,7.92,2.43,10.71,7.02,17.46,12.78,1.62,3.33,12.42,8.28,0.90,0.45,1.62,4.95,0.00,1.08,1.62,2.16,5.85,0.27,276.30,809.55
SAN MARTIN,PICOTA,SAN HILARION,220707,24.84,29.88,40.23,84.06,81.00,38.70,140.04,19.80,153.81,186.30,42.75,44.91,35.37,60.84,23.49,56.25,12.96,92.34,9.90,39.24,59.76,89.73,68.58,9.99,396.27,"3,375.27"
SAN MARTIN,PICOTA,SHAMBOYACU,220708,646.56,1096.83,727.83,727.11,1278.72,688.41,1017.63,672.21,853.65,1155.60,881.19,520.02,456.57,619.38,453.60,412.65,466.83,351.54,169.56,458.10,296.01,324.09,333.63,288.72,157.23,"14,770.08"
SAN MARTIN,PICOTA,TINGO DE PONASA,220709,349.20,807.66,490.23,570.87,894.69,297.36,516.33,308.79,522.00,517.50,350.55,120.15,121.50,188.19,132.66,123.75,65.97,107.82,39.42,141.93,149.04,167.85,188.73,87.93,261.81,"9,149.67"
SAN MARTIN,PICOTA,TRES UNIDOS,220710,466.11,544.23,414.99,530.91,692.64,615.42,717.39,773.73,802.98,538.47,600.75,430.02,192.51,316.44,273.42,245.52,164.70,216.72,130.05,256.68,270.63,289.98,242.73,264.42,54.09,"15,510.33"
SAN MARTIN,RIOJA,RIOJA,220801,34.56,77.31,37.98,67.95,231.03,27.36,111.42,34.20,82.08,139.23,80.19,98.10,91.53,67.68,72.90,66.51,22.77,105.84,24.39,72.36,35.82,50.13,93.15,36.45,121.32,"6,237.81"
SAN MARTIN,RIOJA,AWAJUN,220802,158.04,942.48,492.57,829.44,1467.72,845.10,1518.66,990.27,1356.75,1031.31,896.40,564.39,335.97,371.79,261.81,162.18,223.29,224.82,79.83,151.38,63.63,101.16,229.50,153.36,758.25,"25,539.93"
SAN MARTIN,RIOJA,ELIAS SOPLIN VARGAS,220803,15.03,39.87,7.47,18.36,133.65,5.13,60.21,10.98,36.09,31.59,61.92,66.60,49.68,47.61,37.44,50.85,5.13,56.07,30.87,62.82,30.51,21.42,37.89,35.28,27.45,"8,820.54"
SAN MARTIN,RIOJA,NUEVA CAJAMARCA,220804,26.28,82.98,38.25,70.11,140.58,42.66,115.38,51.66,99.63,74.70,101.25,102.87,67.50,78.84,72.18,52.38,19.98,87.48,15.21,60.66,23.49,26.73,43.02,57.87,71.01,"17,321.49"
SAN MARTIN,RIOJA,PARDO MIGUEL,220805,101.97,241.20,244.89,212.85,285.21,464.04,410.13,276.48,357.57,222.93,265.86,353.70,517.77,271.17,317.34,227.25,277.29,317.88,123.39,215.82,159.30,233.28,217.98,262.89,939.78,"93,044.88"
SAN MARTIN,RIOJA,POSIC,220806,11.25,28.26,7.56,13.32,30.42,3.60,20.97,13.41,15.84,18.99,30.42,27.99,14.49,17.46,39.69,21.69,9.81,33.12,20.61,46.53,56.79,17.73,42.21,51.93,178.20,"2,569.32"
SAN MARTIN,RIOJA,SAN FERNANDO,220807,8.82,12.15,5.40,8.73,22.14,1.62,22.50,4.68,11.88,11.43,21.24,20.07,21.96,13.50,20.52,12.60,9.09,48.78,5.94,46.89,29.61,28.26,56.88,40.14,318.15,"1,596.42"
SAN MARTIN,RIOJA,YORONGOS,220808,8.37,47.43,11.97,27.81,44.55,12.69,39.24,12.87,42.84,64.53,30.42,33.03,23.85,48.96,25.02,31.59,1.80,37.89,9.99,42.66,13.41,12.87,42.30,16.56,175.05,"3,093.66"
SAN MARTIN,RIOJA,YURACYACU,220809,8.10,24.48,5.67,14.40,36.00,3.15,19.26,7.83,24.66,28.44,18.27,16.11,8.64,19.44,13.59,15.30,7.83,39.42,10.35,45.36,19.17,44.73,53.55,34.20,159.21,"1,255.86"
SAN MARTIN,SAN MARTIN,TARAPOTO,220901,1.98,7.47,1.80,5.85,10.17,0.72,5.94,3.24,6.39,8.28,1.26,1.35,1.26,7.92,6.84,4.50,5.76,4.68,0.36,1.80,1.62,3.42,2.88,0.90,129.87,"1,129.77"
SAN MARTIN,SAN MARTIN,ALBERTO LEVEAU,220902,19.71,56.97,17.01,23.85,38.16,11.79,14.76,4.50,25.29,9.09,3.42,7.20,10.08,17.82,18.99,52.92,7.47,33.30,2.43,3.06,2.88,5.76,9.27,9.90,52.83,"1,308.33"
SAN MARTIN,SAN MARTIN,CACATACHI,220903,0.72,9.09,1.98,6.57,9.99,4.05,6.66,2.07,9.45,4.86,5.04,3.42,7.29,9.81,6.84,6.75,10.44,6.03,0.90,4.41,2.88,5.04,4.05,5.40,27.18,349.20
SAN MARTIN,SAN MARTIN,CHAZUTA,220904,173.52,200.70,186.48,379.71,339.30,123.84,239.49,265.59,208.62,224.37,225.72,267.75,209.52,300.06,1212.57,217.98,241.38,137.88,76.95,189.81,110.16,136.08,127.35,154.53,"1,455.84","77,470.29"
SAN MARTIN,SAN MARTIN,CHIPURANA,220905,42.03,27.45,41.67,37.26,40.05,23.49,20.16,51.75,45.27,33.30,45.36,43.02,44.28,62.55,96.57,65.52,43.56,64.89,109.98,259.92,162.72,159.30,55.44,94.32,"1,919.79","20,988.27"
SAN MARTIN,SAN MARTIN,EL PORVENIR,220906,221.85,384.93,267.30,531.36,505.71,477.99,584.01,1292.85,935.55,569.70,768.69,827.73,638.64,874.71,659.70,826.56,522.81,458.64,419.04,506.34,571.59,384.30,415.80,310.50,"1,328.76","27,333.18"
SAN MARTIN,SAN MARTIN,HUIMBAYOC,220907,241.11,175.50,298.89,436.59,325.26,178.38,145.53,351.00,386.01,202.86,286.11,452.16,715.41,594.45,1307.16,726.21,682.92,857.88,1248.12,1589.31,729.00,501.84,449.73,382.05,"3,006.81","140,417.73"
SAN MARTIN,SAN MARTIN,JUAN GUERRA,220908,28.62,86.04,21.33,45.81,83.52,16.20,56.88,17.91,54.36,79.02,4.95,11.88,15.21,30.15,26.10,30.78,10.98,42.21,3.33,5.40,3.15,9.99,8.28,1.98,820.89,"3,188.88"
SAN MARTIN,SAN MARTIN,LA BANDA DE SHILCAYO,220909,25.38,52.92,19.35,49.14,88.83,28.89,69.03,35.73,45.63,44.19,22.23,17.82,22.95,47.25,45.63,19.08,13.95,18.18,10.17,18.18,18.99,22.95,21.15,22.68,154.62,"15,895.62"
SAN MARTIN,SAN MARTIN,MORALES,220910,6.03,15.21,2.43,9.09,9.54,1.26,3.06,1.89,3.51,5.40,1.26,3.24,2.88,1.89,4.23,2.97,6.48,6.21,0.54,0.81,0.45,1.08,2.61,0.72,91.80,338.94
SAN MARTIN,SAN MARTIN,PAPAPLAYA,220911,137.88,121.68,73.44,113.49,133.11,115.02,98.37,238.95,186.66,192.33,190.35,339.75,228.06,226.53,250.74,295.29,640.98,571.23,226.98,279.63,203.67,159.93,144.81,112.95,"2,519.01","85,900.05"
SAN MARTIN,SAN MARTIN,SAN ANTONIO,220912,54.72,27.00,9.36,28.71,44.55,19.08,25.83,26.91,30.69,28.71,4.14,10.44,3.06,15.75,14.94,10.17,4.50,5.13,13.05,24.66,6.12,7.92,9.63,10.26,111.96,"4,170.06"
SAN MARTIN,SAN MARTIN,SAUCE,220913,115.38,45.63,31.86,40.59,53.28,69.48,86.22,66.33,113.58,58.23,15.48,41.22,25.38,38.43,27.54,23.85,3.60,31.23,4.77,25.20,9.72,21.51,22.41,16.20,509.76,"2,425.14"
SAN MARTIN,SAN MARTIN,SHAPAJA,220914,86.04,178.65,89.01,139.68,216.00,70.65,151.38,77.67,137.16,129.24,34.74,91.89,69.57,122.31,83.79,56.97,18.72,79.02,13.95,52.11,28.35,43.02,45.18,32.76,576.81,"8,980.20"
SAN MARTIN,TOCACHE,TOCACHE,221001,373.41,205.20,118.71,275.22,475.02,464.31,670.32,163.98,425.07,506.43,261.00,556.56,237.15,303.30,266.49,349.20,315.72,440.64,181.17,416.43,189.00,379.08,251.01,197.19,"3,018.51","52,978.41"
SAN MARTIN,TOCACHE,NUEVO PROGRESO,221002,203.85,147.15,344.25,173.52,523.98,162.54,310.95,168.93,614.16,486.45,541.71,636.39,722.97,901.53,784.98,768.87,478.08,530.37,389.79,455.76,330.75,323.91,348.48,259.47,"2,383.02","48,751.29"
SAN MARTIN,TOCACHE,POLVORA,221003,583.65,447.57,199.08,334.35,953.01,404.82,846.54,417.69,1032.12,837.09,544.77,853.02,598.68,899.10,891.54,863.64,310.50,981.00,826.02,1020.15,313.47,330.39,323.46,272.79,"4,200.66","170,295.39"
SAN MARTIN,TOCACHE,SHUNTE,221004,38.16,25.47,14.49,97.74,127.26,53.28,68.76,19.53,104.04,112.05,48.24,164.88,117.81,117.45,160.02,85.32,154.98,163.17,37.89,145.26,65.97,153.90,146.61,169.83,610.74,"57,512.43"
SAN MARTIN,TOCACHE,UCHIZA,221005,162.27,88.92,133.29,140.22,352.17,69.75,237.33,249.21,500.40,324.09,368.64,571.14,443.07,481.68,495.00,462.24,422.91,238.68,135.81,279.09,193.77,347.22,261.90,201.06,"1,369.35","29,338.47"
SAN MARTIN,TOCACHE,SANTA LUCIA,221006,170.55,104.49,149.40,132.93,249.93,63.45,165.69,48.06,289.53,227.25,121.32,201.78,107.28,168.12,119.07,259.38,149.04,124.92,56.34,130.23,98.10,127.71,132.30,81.72,"1,575.99","4,343.58"
UCAYALI,CORONEL PORTILLO,CALLERIA,250101,588.24,730.26,468.36,670.14,703.08,512.37,423.45,588.87,1187.46,509.13,862.38,1273.50,2063.70,2721.87,1888.11,1985.94,2852.01,2438.73,4650.03,6356.07,2410.65,1148.31,1353.78,1356.12,"31,368.96","1,036,706.40"
UCAYALI,CORONEL PORTILLO,CAMPOVERDE,250102,1265.58,972.90,736.83,769.14,3660.39,1060.83,1188.45,1897.02,2849.04,2004.66,2624.04,1659.33,1475.73,1580.85,1492.29,1267.29,1641.87,636.39,904.41,891.18,994.77,1522.08,1418.85,1429.47,669.24,"19,911.33"
UCAYALI,CORONEL PORTILLO,IPARIA,250103,455.49,668.79,396.45,754.65,1322.55,889.11,603.18,1154.52,2508.66,945.27,1398.15,2029.05,1820.88,2083.86,1700.37,1530.99,2079.36,1314.90,2762.64,3522.51,2381.67,2502.72,2071.17,1915.74,"50,531.13","612,189.45"
UCAYALI,CORONEL PORTILLO,MASISEA,250104,554.94,915.30,554.40,657.63,2049.03,855.63,346.23,1058.40,1215.90,391.23,1266.48,1348.20,1502.55,1584.63,1568.52,2500.11,3021.84,2909.25,4506.39,7770.69,4136.67,2815.20,2321.55,5440.77,"36,858.15","1,310,297.22"
UCAYALI,CORONEL PORTILLO,YARINACOCHA,250105,275.76,221.22,322.29,144.36,856.98,526.14,186.12,180.00,998.28,187.92,319.41,115.56,112.68,152.37,174.78,208.80,234.63,37.62,112.50,85.95,68.76,358.56,386.91,368.64,"10,123.56","10,996.83"
UCAYALI,CORONEL PORTILLO,NUEVA REQUENA,250106,412.92,284.49,397.44,154.53,759.51,182.07,279.09,435.06,816.39,685.44,787.77,3025.17,6594.03,2468.52,2696.49,3347.73,3262.41,2905.29,4721.31,3989.70,4689.45,9655.92,5118.21,7272.27,"8,539.65","105,420.15"
UCAYALI,CORONEL PORTILLO,MANANTAY,250107,101.61,74.16,54.45,57.33,564.57,179.91,105.75,277.02,253.71,65.79,400.32,319.77,143.10,150.75,196.65,596.88,401.58,194.85,211.86,153.36,260.55,1399.95,114.48,462.42,"5,291.01","33,431.40"
UCAYALI,ATALAYA,RAIMONDI,250201,1710.54,1419.93,1025.64,2686.68,2432.88,1692.54,1195.74,2103.93,2374.47,1502.91,2539.53,3791.52,3297.51,4476.69,3587.67,4256.91,3564.63,3608.82,4564.08,5531.22,5912.37,4915.98,5169.24,4284.54,"30,592.26","1,305,007.47"
UCAYALI,ATALAYA,SEPAHUA,250202,431.55,241.02,578.79,426.06,125.82,512.91,450.09,368.10,395.19,249.93,255.24,525.96,816.66,1125.00,882.09,1288.98,1247.67,1451.07,1558.08,2142.09,2426.40,1532.16,1318.14,1902.06,"12,856.59","732,567.60"
UCAYALI,ATALAYA,TAHUANIA,250203,823.41,467.91,234.90,845.37,668.34,633.24,310.95,694.17,1104.84,514.35,1172.07,2067.12,1715.04,2246.94,1988.55,1712.97,1625.58,1878.39,3882.96,4905.63,3891.15,2281.32,2336.85,2383.83,"34,734.24","674,466.03"
UCAYALI,ATALAYA,YURUA,250204,75.78,78.48,42.66,97.83,90.45,118.71,57.96,161.46,94.68,57.51,41.94,186.03,147.51,230.58,127.53,110.52,94.50,250.20,57.51,148.95,147.24,68.31,55.71,55.53,"9,404.73","887,175.90"
UCAYALI,PADRE ABAD,PADRE ABAD,250301,728.28,835.29,1451.25,472.32,1180.98,694.62,858.78,1299.24,1997.28,1664.64,1883.61,1028.25,3099.42,2202.93,1818.27,1603.35,1312.56,1471.32,2233.62,2661.66,1922.22,1116.81,1159.47,999.00,"11,101.68","285,556.23"
UCAYALI,PADRE ABAD,IRAZOLA,250302,1345.59,1267.29,2493.45,1478.25,2656.89,1687.14,1467.63,2463.39,3534.21,3286.62,3756.33,2505.60,4364.46,4222.44,4180.41,3385.26,2640.06,2398.86,2681.91,3075.93,2431.26,1813.32,1924.47,1621.53,"2,066.13","98,638.02"
UCAYALI,PADRE ABAD,CURIMANA,250303,874.53,686.97,897.30,749.79,946.98,539.73,1048.50,1243.89,2813.13,2287.53,3010.23,2786.67,6217.29,4469.04,4050.72,3225.69,3590.46,2768.40,3519.09,3549.15,2745.45,2637.45,2605.14,3327.93,"3,492.90","110,133.36"
UCAYALI,PADRE ABAD,NESHUYA,250304,1074.42,825.30,1210.59,1023.66,2434.86,1443.78,808.02,1699.74,1648.62,2114.64,1328.04,877.50,1081.71,977.40,1119.78,813.69,824.04,356.85,499.86,608.22,687.69,624.87,697.14,501.39,155.16,"12,842.10"
UCAYALI,PADRE ABAD,ALEXANDER VON HUMBOLDT,250305,194.76,242.82,165.78,196.92,513.99,222.93,196.02,216.72,367.56,232.11,363.96,182.88,184.05,232.74,329.76,158.58,202.50,84.78,92.61,112.14,93.42,64.98,111.24,50.85,0.00,"2,262.78"
UCAYALI,PADRE ABAD,HUIPOCA,250306,332.46,341.28,428.22,210.60,578.43,381.51,401.58,748.35,1108.35,882.27,1449.54,721.17,1740.33,1256.58,1268.28,1190.07,1004.67,946.17,1163.52,1429.83,819.72,769.05,807.57,826.74,"1,093.05","26,623.08"
UCAYALI,PADRE ABAD,BOQUERON,250307,251.55,234.63,389.79,140.67,456.75,133.20,156.51,271.98,326.16,295.38,361.89,188.46,346.23,294.93,233.37,266.13,163.08,196.56,174.69,200.88,138.06,102.51,117.63,124.83,"1,020.78","41,627.43"
UCAYALI,PURUS,PURUS,250401,91.08,67.50,88.92,55.08,270.36,48.24,143.28,170.73,84.96,48.33,99.36,124.02,70.47,159.93,411.03,161.37,141.57,142.20,79.74,132.03,148.14,134.55,41.49,107.28,"24,274.53","1,810,004.40"
