trial_in_run,trial_global,val_rmse,best_iteration,best_score,param__n_estimators,param__learning_rate,param__max_depth,param__min_child_weight,param__subsample,param__colsample_bytree,param__reg_alpha,param__reg_lambda,param__gamma,param__objective,param__random_state,param__tree_method,param__n_jobs
0,0,373.00676362974446,706,0.873952265636428,5000,0.0679068280376356,3,10.412594423600476,0.6979567415213905,0.6558151714100575,8.364819722541105e-08,15.146263000684453,0.0008096527657152,reg:squarederror,42,hist,8
1,1,397.9424383555679,536,0.8820084636325594,5000,0.0586473605003183,3,0.5648770979871255,0.6874551899214414,0.8021421152413449,1.733100418589909e-08,1.2492383432925724,0.0070625240546103,reg:squarederror,42,hist,8
2,2,357.7188085660387,520,0.8710511607071985,5000,0.0511664412921314,6,3.145803792480999,0.7112762832922651,0.9477201283171736,0.0674941767032076,1.0430103957532886,6.36106133800241e-05,reg:squarederror,42,hist,8
3,3,353.59557422719183,1655,0.8470908701766354,5000,0.022988940193715,6,25.17906654186499,0.7346378180450507,0.6370983373520591,7.420743007191677e-08,24.771866852354822,0.0027135278439339,reg:squarederror,42,hist,8
4,4,372.5836042317609,201,0.8708897070242436,5000,0.1122271912674896,10,4.492257636714323,0.9892463055917482,0.7514137508833414,0.0009297489176577,22.791837133093534,0.0036870393383772,reg:squarederror,42,hist,8
5,5,355.757297507027,170,0.8635276672742549,5000,0.1321619764446547,6,8.949634430885759,0.6183297534622648,0.6911593102606187,4.022459428732787e-06,0.7220278644953136,1.244852733394201e-06,reg:squarederror,42,hist,8
6,6,355.5156533413318,1843,0.8491697972660499,5000,0.0135333679355704,7,3.2003840729414894,0.9336441706563,0.6650616388624339,1.5755649177599847e-05,10.94763610213834,0.0207196693779305,reg:squarederror,42,hist,8
7,7,392.7648529356084,53,0.9264723116340534,5000,0.0775025543487395,4,6.054761820169987,0.6684554592792388,0.8916507191801397,2.9554420206694097e-07,2.869993332888068,8.048411181200635,reg:squarederror,42,hist,8
8,8,377.2190889501256,242,0.8790931375562268,5000,0.0680234860515252,6,8.247412008548425,0.9371407680759238,0.910399964618498,1.1519473968379427e-06,0.5796562089516792,6.903628811131403e-06,reg:squarederror,42,hist,8
9,9,364.4550810017399,754,0.885100002147094,5000,0.0223017483358592,6,21.02152145362898,0.8268720205914009,0.8871657082875903,8.196697288414109e-07,4.9823303909256085,0.9165335877855358,reg:squarederror,42,hist,8
10,10,372.5988128882906,1668,0.8657347195607358,5000,0.0686071795670953,5,1.4789960141790204,0.6986510030775934,0.8245472536652603,2.3156583090169025e-06,7.381455141076525,1.2033887646665302,reg:squarederror,42,hist,8
11,11,351.96150335521673,961,0.848820624216536,5000,0.0330850684480682,6,29.67331613450527,0.6553326979563423,0.7974063339558524,0.0633927245687541,26.37398917925305,2.37449836093676e-07,reg:squarederror,42,hist,8
12,12,361.2292749485112,447,0.8513418392695946,5000,0.0161488419100548,9,5.747453523733034,0.7539069246698,0.8383553713444513,0.0001630981331517,1.5914692228786491,0.0009528687099554,reg:squarederror,42,hist,8
13,13,367.35522461188384,334,0.8872118754953153,5000,0.1683180997576233,4,8.149935082425085,0.8147881321635181,0.7067300759810171,0.0058702444582254,0.8357460863155058,8.182523401223881e-05,reg:squarederror,42,hist,8
14,14,357.7554177036778,629,0.8623250471181773,5000,0.0389321288167303,7,26.73831544545723,0.904784879620826,0.8030726698417301,9.071882262348913e-08,8.903697395324835,0.3758582899870089,reg:squarederror,42,hist,8
15,15,369.3545102119454,330,0.8687807643477695,5000,0.0457598547373222,6,0.9348487266333708,0.9050043200300604,0.8157516120478503,0.1017743430431989,5.750125833533492,1.0119220634419168e-08,reg:squarederror,42,hist,8
16,16,385.7510172590239,1895,0.8824018712808116,5000,0.0264080755291022,3,0.7904742733024165,0.7451923068723734,0.9941285515775248,0.1823783335807071,1.5061721917225104,1.4717848631361077e-06,reg:squarederror,42,hist,8
17,17,348.074775455844,856,0.8662080232366361,5000,0.0547202914675989,4,0.7100268911177512,0.7943961853266455,0.6276850073873534,0.0700518303624229,17.007436688860963,1.4306163380277744e-07,reg:squarederror,42,hist,8
18,18,366.8124584398428,633,0.870891431448199,5000,0.0415294931075672,5,1.4800649720137051,0.9489732164341028,0.7692551760803548,8.057194525523433e-07,5.991867234883033,0.0371004879726254,reg:squarederror,42,hist,8
19,19,368.0424617765101,1193,0.8550610142634445,5000,0.0182685285032141,7,2.561171505887772,0.8686747838553133,0.7493682010117175,1.2488974008890656,3.998916051060295,1.7027485651691812e-06,reg:squarederror,42,hist,8
20,20,383.196591189253,3533,0.8822897638981355,5000,0.0121143359065351,3,5.559962823188681,0.6920458930386308,0.6880869537806238,4.354494778085529e-08,9.144835946631543,1.14941286648282e-06,reg:squarederror,42,hist,8
21,21,400.6220846316618,19,0.8887474686550412,5000,0.1506532814189932,8,0.6682901955196381,0.6952018537475981,0.8675911113185122,8.474835289430796e-07,0.9195888605247026,2.6280169696488085,reg:squarederror,42,hist,8
22,22,356.9379149244053,292,0.8685371609013943,5000,0.0553279008389137,10,1.3522464648290151,0.7891891771778374,0.7628239845943746,7.062072445734645e-08,10.39765739803176,1.5441095155327943e-05,reg:squarederror,42,hist,8
23,23,389.5163859524165,685,0.8898358500037977,5000,0.034265446271978,3,7.87615067929748,0.9936660845463864,0.6393671484607836,4.203311141164952e-05,2.385476898593495,0.5689221297915671,reg:squarederror,42,hist,8
24,24,360.2026382804641,1098,0.850275413428656,5000,0.0210624723961392,6,4.493318338853399,0.6560729188379097,0.6733952143148932,0.0001457647847389,28.050584321878148,4.7694027235377634e-08,reg:squarederror,42,hist,8
25,25,384.1427708904511,168,0.8922546320047109,5000,0.1125281496309088,4,0.6150688115977648,0.9997129873650906,0.9344110340319808,5.259764693987713,35.62082471981002,0.4347720427078919,reg:squarederror,42,hist,8
26,26,384.7695624431825,184,0.8600484746968882,5000,0.0164579501866019,10,3.5883771054947693,0.9458601576120862,0.9609771462042196,3.032034178895606e-07,0.5049876545524278,3.2643432437580135e-05,reg:squarederror,42,hist,8
27,27,372.8187569861169,55,0.884526866079646,5000,0.1604825458385141,10,1.6076306496106023,0.8786366014400651,0.8922021269661864,0.1122674236324124,10.536894415353547,0.0002399068811793,reg:squarederror,42,hist,8
28,28,365.8711891624104,1108,0.8706723828881965,5000,0.017662932995068,6,26.392575519434445,0.8316721163265025,0.8168780805497097,0.0539237446421686,0.650579763304375,0.0018096656799203,reg:squarederror,42,hist,8
29,29,366.94389270605456,327,0.874313627556104,5000,0.0451048695910975,5,0.6311179031697486,0.8031313987973674,0.9405370181376486,4.137061665105755e-08,0.6837411704637255,0.570653936837862,reg:squarederror,42,hist,8
30,30,347.5737654351617,1121,0.8501163849860902,5000,0.0335215509304023,6,5.350269398561426,0.6158966649156258,0.6327933621979501,0.008248186652322,6.751866582817443,7.036045087579012e-06,reg:squarederror,42,hist,8
31,31,351.65802973495965,492,0.8565181404981588,5000,0.0218405711731088,8,1.328586176470588,0.7583143387165018,0.8686760891839884,5.011569046449459e-06,2.1444918342435684,0.0584494503841487,reg:squarederror,42,hist,8
32,32,353.8357350653857,1179,0.847433191686229,5000,0.0124274140432395,10,6.360409992107347,0.8251974582555784,0.6399924995698354,0.0006897784736062,5.137352813754685,1.5563566773252205e-07,reg:squarederror,42,hist,8
33,33,354.8546085825638,1563,0.8621300927612322,5000,0.0284492592592802,4,18.29976385160711,0.7478108354955536,0.6630987329428928,0.3189367700865735,12.76585345061878,0.0031996309682,reg:squarederror,42,hist,8
34,34,376.02753625254513,276,0.8840112889435204,5000,0.1924951662907255,3,7.700728200402656,0.8218409129958711,0.972702415774431,8.556152513345224e-08,28.52488710684544,2.3999008159265344e-06,reg:squarederror,42,hist,8
35,35,351.9011734068525,148,0.8825794403275272,5000,0.1437285086651125,5,1.5249173952790132,0.8419319308120896,0.8870448748555191,6.797916268065282e-07,9.277819564973472,2.376047479304939e-06,reg:squarederror,42,hist,8
36,36,362.8580089298392,1739,0.8674963255429922,5000,0.0432110275111547,3,0.729609768711266,0.7694303090254906,0.7106720895889007,1.0762451362020436e-08,17.426430973368163,0.0054202634491309,reg:squarederror,42,hist,8
37,37,379.0467276372761,505,0.8789927542066809,5000,0.0219185415972872,10,4.785653325614559,0.7710747675922718,0.603867879843336,4.7554841735623945e-08,29.18655193220236,1.3657057692647447,reg:squarederror,42,hist,8
38,38,350.6697436012101,519,0.8527430971383738,5000,0.0512659880082161,8,5.429503511612126,0.6592375142269931,0.6509782077128555,5.947372623028221e-06,31.400241034811213,0.1462516397400894,reg:squarederror,42,hist,8
39,39,374.5455293927773,327,0.8506255603431091,5000,0.1317649424044987,8,1.1817289191278229,0.6998118956891698,0.6411174486687142,0.1049654028349229,29.32509361787131,4.543562521170851e-05,reg:squarederror,42,hist,8
40,40,369.6809886224465,404,0.8671661766634888,5000,0.0641947100871915,5,22.136966252951204,0.6946949328917434,0.6650007068401754,0.1581187124162801,1.1299903768183113,5.1362918536802175e-05,reg:squarederror,42,hist,8
41,41,381.7411872013964,198,0.8654529428025015,5000,0.0171140817881068,8,12.307547788243236,0.7646852666206214,0.8679628517152786,0.0412589194134424,1.567849914216561,2.708822741466584e-07,reg:squarederror,42,hist,8
42,42,359.9536836124465,141,0.8597736530918819,5000,0.0817304627905872,9,17.775198524627445,0.9434373005351128,0.6889734870182658,0.2235009895821936,4.164630483758933,5.581074323071908e-06,reg:squarederror,42,hist,8
43,43,372.7620258299597,71,0.8697123380088279,5000,0.1083348911530105,6,1.2455517852466234,0.8640132730994516,0.7593863914259134,3.216825843803259e-06,0.6883534820790816,0.0911884296809291,reg:squarederror,42,hist,8
44,44,348.1026024433969,1045,0.8547471930485079,5000,0.0286319974562495,9,8.07710997572389,0.9374644653088324,0.7324599472857628,1.771759687632955e-08,28.38225041497505,2.2435552424310877e-06,reg:squarederror,42,hist,8
45,45,419.7609731292993,53,0.8892618307608343,5000,0.0569330773253672,7,0.5847861625885743,0.8386285019950979,0.7382748446719201,0.1196337190467383,3.730420354149584,7.21311147176448,reg:squarederror,42,hist,8
46,46,360.99676036004,1770,0.8505973828806795,5000,0.0141403003373939,6,1.41874762370437,0.8835141135336682,0.6006765112874518,2.138831095529925,5.968620943833025,0.0298448906708597,reg:squarederror,42,hist,8
47,47,359.1716986878932,110,0.8741445449477382,5000,0.0923207462979435,6,2.2213186851894124,0.627989524450524,0.8656950739645088,9.37131043029549e-06,2.12227322251256,0.4286842380316687,reg:squarederror,42,hist,8
48,48,351.00782895214445,316,0.8666657046331635,5000,0.0863817276345912,7,3.987590190719043,0.8667571616422918,0.73047316194296,0.0188311016525101,6.423843614033643,5.327958542925151e-07,reg:squarederror,42,hist,8
49,49,355.8642253334618,154,0.8671985940819302,5000,0.0732981711737878,9,8.004675957068281,0.961122218293033,0.8462059663805522,5.111505954976946e-06,6.235114463392488,1.008447879897092e-08,reg:squarederror,42,hist,8
50,50,346.46669102428643,958,0.8556707355079171,5000,0.0236201881003764,9,12.478662702369569,0.842664628191905,0.7288996918946152,9.463987359136312e-05,11.225985339400486,0.0003986263213835,reg:squarederror,42,hist,8
51,51,380.7790946212669,39,0.9038590811600732,5000,0.1078136037396196,5,7.421749303190081,0.713514561997211,0.8655415345219994,0.0037440983499584,0.7686779168022719,3.6982559280898943,reg:squarederror,42,hist,8
52,52,372.52120797929007,566,0.8594049089832113,5000,0.0202102223562773,7,1.2543394617410195,0.6796519730906306,0.6097701550907305,1.5980225252435502e-06,4.459053599600244,0.444262086153278,reg:squarederror,42,hist,8
53,53,359.8625858599658,648,0.8597633450926738,5000,0.0124380331710253,9,18.82155309499694,0.8302683597637273,0.8873383661995955,2.85631569679262e-05,3.1497474288452287,2.128835509887914e-07,reg:squarederror,42,hist,8
54,54,369.73193155619,413,0.8633572741557798,5000,0.0784544144036623,4,12.109305165640295,0.6875364547249277,0.9216439424692572,0.0183318370283723,4.246877885447779,0.0010390875620074,reg:squarederror,42,hist,8
55,55,376.79163124837305,149,0.916048197087966,5000,0.1561910012508673,4,3.240620463063604,0.9205666406889058,0.8670310930345413,7.7809402003031805,7.7602308590711555,3.5510474540440877,reg:squarederror,42,hist,8
56,56,368.2646588105198,109,0.8570342887907468,5000,0.1444680691548585,9,14.991587089158807,0.8191487802443314,0.9588832412933048,0.0493059100904672,4.449578550535551,2.151413731411363e-06,reg:squarederror,42,hist,8
57,57,384.65803037545726,149,0.864910856936818,5000,0.0209732780568183,7,11.500125098234966,0.8085199251311929,0.8506993747927125,2.9605815085456247e-06,0.7143922130739725,3.728664928052669e-06,reg:squarederror,42,hist,8
58,58,360.2055817609843,825,0.8481544255106117,5000,0.022568853871753,8,19.360063778625847,0.6322310630630673,0.6603322632052346,2.8010291718022905e-05,1.010602893824326,8.425116094051441e-07,reg:squarederror,42,hist,8
59,59,355.7940872376395,1015,0.8571347433647475,5000,0.0346541760049636,8,4.611207678301468,0.7663096936412623,0.6827337558057641,6.043543605152073e-05,32.25870737834361,0.0018059874492051,reg:squarederror,42,hist,8
60,60,370.64403570404494,151,0.8776712557600362,5000,0.0803334221677594,9,3.524618465703709,0.9770966629736388,0.7194450609489533,3.235041323342285e-05,30.356597216468977,0.3323211921719247,reg:squarederror,42,hist,8
61,61,349.2552527166976,396,0.8515801640455818,5000,0.0501465549771532,6,3.690760468946801,0.7091741247053026,0.7942567975194001,3.160201895373537e-05,10.882213585970794,0.1525038893577774,reg:squarederror,42,hist,8
62,62,345.8562679685777,191,0.8543740651249125,5000,0.0875349916381327,10,21.580131507474512,0.9922887910075692,0.8136494518130017,1.4533150242679005,7.634059764838233,0.0092682515295765,reg:squarederror,42,hist,8
63,63,358.036239549198,702,0.8504105482897515,5000,0.0128593248145648,9,0.8714936303177158,0.7846793776206047,0.620113853395451,2.58187241614707e-05,1.3252279068920516,8.742029021887153e-06,reg:squarederror,42,hist,8
64,64,364.1161796328876,215,0.8683736556162953,5000,0.0978098704231445,9,1.5622565470223906,0.9804816479442248,0.7686259307034955,0.3267369375860131,4.360975800765336,0.0551084694995484,reg:squarederror,42,hist,8
65,65,367.9191781140245,339,0.8645008080582084,5000,0.0116886657224121,8,1.2521920110587252,0.6274473481811077,0.9829142411105474,2.303155378331788e-08,0.5768063091698953,1.6809304078391898e-06,reg:squarederror,42,hist,8
66,66,359.1277947040384,566,0.8587478392255858,5000,0.1235554487087098,5,1.3278193432731185,0.7894244243784512,0.6457557784437226,3.3869844281014423,4.256356256528504,2.023919659899647e-06,reg:squarederror,42,hist,8
67,67,359.66246015608647,2766,0.8556965522693922,5000,0.0301956016266256,4,12.078183384772627,0.6655063240668796,0.7244155678394399,0.0016149630587936,36.036644140112266,0.0015211447949686,reg:squarederror,42,hist,8
68,68,351.17925323138564,370,0.8610668487256407,5000,0.1518340789713526,9,2.536772934778861,0.8860058820197874,0.630398591137224,0.0164259215154191,8.983690790537768,8.262505260826647e-08,reg:squarederror,42,hist,8
69,69,371.7055543329122,302,0.8728814315595129,5000,0.1011627909360956,4,13.025140753872266,0.8263730221469263,0.6164276520824544,0.0006233144682921,10.519926020030416,4.1745592428073184e-08,reg:squarederror,42,hist,8
70,70,393.2372786795993,997,0.8787741140010741,5000,0.0695782012390308,3,16.204810912229295,0.9289323672360232,0.6422155482575994,4.436986475474871,9.335556604045808,0.2873199611394373,reg:squarederror,42,hist,8
71,71,363.4154382702927,476,0.869493814727978,5000,0.0832203928620124,9,1.0284144304655427,0.8086986987753919,0.8601829656066966,0.0034931013491756,34.530694892683016,0.093707219877504,reg:squarederror,42,hist,8
72,72,354.686970264105,305,0.8601682709765315,5000,0.0402545263647253,7,1.8710108309811224,0.6981980676374764,0.9738487514456,3.238577115499352e-06,3.986336945740842,0.0567919180444809,reg:squarederror,42,hist,8
73,73,352.71030166511,284,0.854331071423841,5000,0.0551304428075138,9,1.98213885374363,0.7977226014463688,0.7300056671555037,0.0002443145835522,2.562240766151663,2.114324682391516e-06,reg:squarederror,42,hist,8
74,74,363.9247349992972,570,0.8538102359778026,5000,0.0231123487168939,7,4.866878625751783,0.8066509006859737,0.6764225694108396,1.4866353427464272e-06,3.2495726712252293,0.000992169572773,reg:squarederror,42,hist,8
75,75,381.3712232180357,164,0.854484726712499,5000,0.0205432262667478,10,7.0385476186543965,0.7963285340314344,0.917173147252927,6.878284813924007e-08,1.387275783660552,0.0168300109158482,reg:squarederror,42,hist,8
76,76,356.80270588592725,320,0.8504361118432827,5000,0.0250255268971698,8,3.4713526410631044,0.8123687724583071,0.770201525082086,0.0516914756690791,2.293784420844969,0.0211687142073386,reg:squarederror,42,hist,8
77,77,363.834098122841,1711,0.8550891818997198,5000,0.0225149194632918,7,1.2849952157852509,0.8885137325304278,0.7262191776023946,0.0485209809863344,39.87724303119593,0.0162731634757616,reg:squarederror,42,hist,8
78,78,374.6481218192536,1860,0.880648060527008,5000,0.0177500896666278,10,1.551058441821485,0.8358347623843163,0.904083158149233,0.0023502640879525,45.70789965303839,0.3116414884509017,reg:squarederror,42,hist,8
79,79,369.2757199922816,1593,0.8573473343066136,5000,0.0242898892599462,8,1.0424235389468282,0.6056593469024255,0.8136540357070653,2.9430791435600333e-06,44.41808865062944,0.0009555000215533,reg:squarederror,42,hist,8
80,80,365.70692115427255,239,0.8665107459710577,5000,0.0807906212436684,5,6.8108094374947,0.9011168703165016,0.6410350587151042,1.2894028635718725e-08,1.852032734855968,0.0002034360325053,reg:squarederror,42,hist,8
81,81,384.9866368230433,1446,0.8777307862346037,5000,0.0277503610510436,3,1.405771615601454,0.9446891858510053,0.6456348562899697,3.873387226530877e-08,4.813523815903324,0.0015602364091657,reg:squarederror,42,hist,8
82,82,376.7016552273933,374,0.866809386354396,5000,0.0781795858216563,5,0.9210132448610951,0.8251358388338257,0.7215342047368911,8.81582791970428,0.8627264810860926,0.0758561868848324,reg:squarederror,42,hist,8
83,83,349.92898491764214,330,0.8691607507819314,5000,0.0614946665844637,6,11.97485992154778,0.7521512104586198,0.9634017510495216,4.744366084519235e-06,7.516579960179839,7.235499623567084e-05,reg:squarederror,42,hist,8
84,84,385.2863773276349,530,0.8894365061540033,5000,0.0549292915439298,3,6.067167336193634,0.896035722193818,0.9790360801301512,7.414658484086663e-07,1.3213576851406017,0.0087872551056547,reg:squarederror,42,hist,8
85,85,347.98654539482504,1399,0.8622803953422126,5000,0.0160079599663518,5,4.791767151341255,0.6626130461772552,0.7634070290640107,0.0160081159773202,4.353063098149289,1.9667932015369068e-08,reg:squarederror,42,hist,8
86,86,356.6774356795243,2066,0.8626752051100842,5000,0.0237046257617953,7,8.891769781354544,0.7816125305628173,0.874953968028497,2.066328664455632,18.82027901387884,0.0042220372870944,reg:squarederror,42,hist,8
87,87,347.66849207207514,791,0.8586636774035924,5000,0.0724801312948692,6,2.850567888339387,0.8178249514842315,0.8590538893609923,1.4986596238339012,22.502580480789,4.3922649700125094e-08,reg:squarederror,42,hist,8
88,88,358.0982052507054,588,0.871166525668782,5000,0.0164388156714025,7,5.715422015036484,0.9296961205280035,0.9684770115870552,8.961506787496525e-05,4.32878429099762,5.4553260826958296e-06,reg:squarederror,42,hist,8
89,89,355.0929105650254,467,0.8491065608057579,5000,0.0333945547158049,7,3.880478056044996,0.7975180877380337,0.6321767407597204,2.2842680095766983e-08,3.656178013268508,7.959655109230109e-06,reg:squarederror,42,hist,8
90,90,368.7888800098333,782,0.8866880200359518,5000,0.0211707454800608,4,1.276533570363302,0.8697193468688684,0.9442067491269084,0.0019235628698723,0.5501244112287221,0.0763560441302515,reg:squarederror,42,hist,8
91,91,387.6081208524036,46,0.9372562613515902,5000,0.1171368872726238,3,11.373476491493628,0.6700762911751891,0.8075855363950416,9.551347363575502e-05,1.800044116716162,9.386620816612323,reg:squarederror,42,hist,8
92,92,350.9829070689343,723,0.8504427957151116,5000,0.0369062095116756,10,26.4299769293245,0.7880041579841407,0.7633392373720062,7.753973342550504e-06,0.8094122511045954,2.801713184946357e-07,reg:squarederror,42,hist,8
93,93,354.3679026774784,279,0.8683648390214646,5000,0.0343212114865492,10,1.6272895575345854,0.9780774158252844,0.9254264138951892,0.0008930370574652,4.0608955720922415,6.77102495677685e-06,reg:squarederror,42,hist,8
94,94,352.01142515338347,958,0.848102649171731,5000,0.0263383699052428,9,17.254875928562512,0.9299708813074804,0.6004604269792448,0.6672788487232153,4.19684272302495,3.0749408666334996e-08,reg:squarederror,42,hist,8
95,95,348.24411318630854,964,0.8565382144983177,5000,0.0472612496234554,10,6.472042212149012,0.9039962144244068,0.6814232953401096,0.0008769538756407,35.835669783490445,8.770914059342291e-05,reg:squarederror,42,hist,8
96,96,362.2149951851227,314,0.8720866877634343,5000,0.0809923932886014,4,0.5627354043174116,0.8520089108016242,0.9197254933097884,0.0244368614157972,2.091559776260096,1.3276089765238906e-08,reg:squarederror,42,hist,8
97,97,355.0901378270386,1090,0.8640684179527385,5000,0.0339475254140269,6,29.063858968154907,0.9651719513936672,0.7845791576715133,1.140762777162691e-07,23.08109198942785,0.000305759206306,reg:squarederror,42,hist,8
98,98,386.62439514830095,274,0.8721683011155388,5000,0.0855701753822117,7,2.7401521435273297,0.7929998307831425,0.788887912761363,0.0001291451956606,0.9733161762853306,5.193897067357833e-07,reg:squarederror,42,hist,8
99,99,360.50221908006,732,0.8604614725002692,5000,0.0602293580922038,5,17.1925611679175,0.7104989611288164,0.9160024728012454,5.4260252692797526e-05,36.93743990893244,0.0003712265953304,reg:squarederror,42,hist,8
100,100,357.9020669288187,214,0.8594051747535975,5000,0.1168313721921512,7,9.772337712516526,0.9349903690425684,0.8319693535533617,0.0086989488560854,26.8838332970326,0.0001044543515652,reg:squarederror,42,hist,8
101,101,363.3492335687536,122,0.8639846443350648,5000,0.0426719678112224,8,4.790299304821235,0.8173720251834692,0.7821378467466005,7.870388163380022e-06,1.1919958729559652,0.0189446178262264,reg:squarederror,42,hist,8
102,102,344.2924405299903,917,0.8538671398069356,5000,0.0554531069080582,6,16.637594986159506,0.7643100382198312,0.7272705308935199,0.0001806284903299,33.560648172893224,2.6982384240035457e-05,reg:squarederror,42,hist,8
103,103,369.3231625616909,369,0.8788352756593502,5000,0.1931773769203392,5,3.7996120997542144,0.6148078445382305,0.8009164600531864,0.0020493864657898,27.43914856160457,0.7374173754552954,reg:squarederror,42,hist,8
104,104,398.8907792934854,1036,0.8745698036930093,5000,0.037398276327196,10,0.5324273479441354,0.657662166386779,0.9483731885396878,5.365511701785764,0.7057103726644588,0.1080755915851421,reg:squarederror,42,hist,8
105,105,355.23001264817424,731,0.8620868777340954,5000,0.022120889468504,9,7.152829296653025,0.9407061169402766,0.9409365346263572,0.5421003123497781,2.8773242065010254,7.078649119768409e-06,reg:squarederror,42,hist,8
106,106,426.411962219158,48,0.9254398423757998,5000,0.086113834614663,10,17.790942560924467,0.6143596399350746,0.6273682988726206,0.0047912535240292,34.739871036292215,9.480545057499151,reg:squarederror,42,hist,8
107,107,383.0281733409298,35,0.874765829558969,5000,0.0936624347121163,9,27.45379959111905,0.9041478771977062,0.8815563317316151,8.02721994761481e-08,1.0757208287956526,4.956723828535431e-06,reg:squarederror,42,hist,8
108,108,349.4590929470282,1127,0.8507210664569257,5000,0.0109058931843353,8,13.020675104439349,0.7173471103860836,0.7499364359101259,2.042340555116742e-07,5.771685265277863,0.0012398026412924,reg:squarederror,42,hist,8
109,109,353.3445718609624,306,0.8622382720033277,5000,0.1074215977599828,5,1.0239288905190795,0.8437967147554147,0.7530177194467496,0.0140673152342022,4.94657398439621,0.0017717978725077,reg:squarederror,42,hist,8
110,110,357.2833428095944,634,0.8641970956074769,5000,0.0200486036736469,7,3.282130629593496,0.8667362869065922,0.9595634126801283,0.0001539144163223,1.8803267991884736,0.0008305833834499,reg:squarederror,42,hist,8
111,111,359.1071207748205,1112,0.856569003181294,5000,0.0124766085031929,8,28.520957477566235,0.7196616996495089,0.9848116291293768,0.0163238130428484,4.098657511326134,5.237150264162184e-06,reg:squarederror,42,hist,8
112,112,370.0594909144308,67,0.8828415546171444,5000,0.1996250259441608,10,0.7737766947870053,0.7525457190630516,0.7435836630308983,4.600992358173343e-06,12.517804467485224,1.5756377623611692e-08,reg:squarederror,42,hist,8
113,113,392.238578091508,22,0.8758081419326981,5000,0.1201998055308739,9,1.5382879411287662,0.8263716067822796,0.8743197970936047,0.0503523298402942,0.6266982845109439,0.0028685236687915,reg:squarederror,42,hist,8
114,114,366.73640944894976,210,0.8601028346348452,5000,0.0442850459291911,7,11.977186088174063,0.6920473563881665,0.920772783018115,9.354936638658384e-07,1.200145726128726,1.8015287629299083e-06,reg:squarederror,42,hist,8
115,115,370.2916743595236,186,0.8852324045260961,5000,0.0961675965655642,5,6.547720844987844,0.9613614816291872,0.8585362435562092,6.031092030553983e-06,3.80729373915882,0.0016449937351815,reg:squarederror,42,hist,8
116,116,376.2728328452237,611,0.865387283912271,5000,0.0897061102668881,4,20.7217216769395,0.7306876502856041,0.766201237367511,6.414357359188999e-07,18.70663301582185,0.7729392659229597,reg:squarederror,42,hist,8
117,117,351.9782415205296,1251,0.853665107424426,5000,0.029922069095618,7,14.985661942102864,0.702788033825305,0.9298759250169628,0.0002170853263936,20.509118382595613,0.0523641618405837,reg:squarederror,42,hist,8
118,118,352.56777447001144,1593,0.8669129867437099,5000,0.0275853631210957,4,3.4019979612954394,0.630119744362703,0.9016605972245342,1.0728333396234495e-06,11.262050068235144,0.0117396749618725,reg:squarederror,42,hist,8
119,119,364.52383990041176,374,0.8549615703767142,5000,0.0328885158674654,8,0.7236726765618348,0.7578298241314848,0.7057834313409695,1.295086066302297e-07,2.7298659501480307,0.0550940161299791,reg:squarederror,42,hist,8
120,120,382.29531769836353,155,0.8528324902370862,5000,0.021932081741294,9,14.499477649355644,0.9761167567118216,0.6433384408796923,1.2717364525292888e-06,0.5610729141864632,0.9080580376799274,reg:squarederror,42,hist,8
121,121,354.74884335082345,500,0.8699067129265313,5000,0.0537536357516577,6,7.089145577288943,0.8541615689511757,0.7857070145290721,0.0204030215952689,9.941430870243272,1.1222340214010204e-07,reg:squarederror,42,hist,8
122,122,391.18196196058335,3869,0.884304738604352,5000,0.0114550650914369,3,1.7385063070552218,0.7970498475912824,0.6388767994487287,0.9667936221785784,0.9338951107842242,0.0001210023519839,reg:squarederror,42,hist,8
123,123,368.17556582551975,266,0.8571549603378212,5000,0.0745285518129263,9,5.5379620352675945,0.8906396602228965,0.9541655135598316,0.0078396572808081,23.24642486356825,0.0034743208807454,reg:squarederror,42,hist,8
124,124,379.7544766525903,164,0.8693110864906004,5000,0.1666234820587273,7,0.5716688268111862,0.7482119834937742,0.7773532344242806,3.589190657757919,25.69628798917497,7.837753875501145e-08,reg:squarederror,42,hist,8
125,125,377.2091448803441,319,0.8659479878509594,5000,0.0779992798250978,8,0.640674179092082,0.7103525763446348,0.9872827503745548,3.476138681021947,22.251134976890413,6.684375124763226e-08,reg:squarederror,42,hist,8
126,126,394.4539774190882,1650,0.8808441811653125,5000,0.0188780020154795,3,0.6150440852188139,0.7334036625730064,0.9955283615765688,0.1210048840333295,1.2864151752923545,0.2940089390828991,reg:squarederror,42,hist,8
127,127,360.3375843229109,391,0.8670593237076428,5000,0.0526066875366431,6,13.954079063231958,0.6931994716184126,0.909747431121928,0.12525463002787,7.779170221295407,3.12949032886394e-06,reg:squarederror,42,hist,8
128,128,367.7306457488317,67,0.8854777007612372,5000,0.1906558414819072,5,4.566198577687414,0.9194055294230494,0.6439705391557742,0.6281031863322358,0.9174374485318808,1.6756392047481654e-05,reg:squarederror,42,hist,8
129,129,359.2224113237735,180,0.8601098862393253,5000,0.1061140953264868,8,0.5333731600588629,0.7061470033299894,0.6507034174851121,6.14674238960458e-05,0.8438565348092525,3.73269361041837e-08,reg:squarederror,42,hist,8
130,130,371.6952631466765,658,0.8567704980333468,5000,0.0383018278586472,8,4.088695049338741,0.6436216040015382,0.8015354759143285,3.226567735693489,0.6105202566734129,0.1119548632538619,reg:squarederror,42,hist,8
131,131,344.5553191134719,98,0.8612931969884304,5000,0.1342666541461705,7,3.2616615030521023,0.9856104732488116,0.6243301629978023,0.0002045677643728,3.178370442865473,0.0149581355533194,reg:squarederror,42,hist,8
132,132,366.47156127352144,250,0.8632117830659226,5000,0.0434364661453861,10,0.6755346226225322,0.6323161909643168,0.843318969453376,3.90067799093912e-08,1.7741976654554268,0.0049852910551748,reg:squarederror,42,hist,8
133,133,360.6949563074924,176,0.8542611730383306,5000,0.0516925752948805,8,2.378349294877665,0.8389567420797254,0.717959098379956,0.0003547804419397,3.625506231970376,0.1373614409180187,reg:squarederror,42,hist,8
134,134,359.8447362356943,1214,0.8635192031885516,5000,0.0140882204948121,6,2.9087032010399936,0.9552364087953972,0.7655254284707653,0.2797518859562904,3.1363922557959927,0.0368563708125538,reg:squarederror,42,hist,8
135,135,374.0209659028308,407,0.8467647980419067,5000,0.0255055550140086,8,7.614342058196057,0.7497204093742147,0.6610555699074895,2.027054015455369,0.6811403695114877,0.3061589757359869,reg:squarederror,42,hist,8
136,136,354.8705746329036,3619,0.8588380577902642,5000,0.0132219392929538,4,10.542941844409093,0.7490587437503614,0.6520461814295373,3.466001942196053e-08,40.946732568634914,0.0011354040371941,reg:squarederror,42,hist,8
137,137,399.9206134699537,63,0.903130520384242,5000,0.074423031258539,9,2.126771695357276,0.8661362080011661,0.9001137001005913,0.6498742658402565,13.838574682119296,5.195024831949433,reg:squarederror,42,hist,8
138,138,368.2532257584005,446,0.8565559156823989,5000,0.0604159401954559,8,0.7641655943095362,0.8029650187872016,0.6618920703433046,0.0002186273878294,24.74683716186119,1.4158783725616118e-05,reg:squarederror,42,hist,8
139,139,366.37682983767286,1148,0.8649943566082008,5000,0.0529319714968059,4,11.35006012965846,0.8296400017325851,0.9228885484609376,0.404014034696154,44.4695985214386,0.232189050663869,reg:squarederror,42,hist,8
140,140,400.77828115001,352,0.8923411294683037,5000,0.0628459423243342,3,6.051389047727644,0.8631324911995553,0.8773884751422636,1.8221269415587922e-08,1.759992356694248,0.0727253235096569,reg:squarederror,42,hist,8
141,141,351.91241305982265,33,0.8778425540840147,5000,0.1581058564215726,8,0.5126571530292254,0.9479450826145752,0.8265284379045506,4.0463094752449216e-05,0.9609909828800264,0.0049951451653201,reg:squarederror,42,hist,8
142,142,388.8834511340322,366,0.8822802100799162,5000,0.0109618992092945,6,2.332923818834752,0.7814583162692069,0.6629637103380355,6.378760956935565e-06,2.2270798496456927,2.969387088038316,reg:squarederror,42,hist,8
143,143,390.9923812687492,894,0.8858614600026364,5000,0.0596629896710557,3,0.9453978365096568,0.9017743516499942,0.6199049969731828,5.4229268690011893e-08,3.84765348414428,6.548366197462075e-05,reg:squarederror,42,hist,8
144,144,354.9746552821836,195,0.8603383738362957,5000,0.06163453095832,9,1.530037130245696,0.9019772574673482,0.6455270032440806,7.39984632312984e-05,1.84273525373526,0.0127754525374582,reg:squarederror,42,hist,8
145,145,360.28648023629484,402,0.8595783353445335,5000,0.0429658896790465,7,0.6021836288039799,0.7581053584350516,0.8397299827777802,1.1726914887265408e-08,2.003589413778127,7.96353353018665e-07,reg:squarederror,42,hist,8
146,146,353.120947059397,870,0.8576349341396576,5000,0.0150850445844968,7,1.635500881853097,0.6479937374822197,0.7989541314453308,7.514413718403228e-05,0.9064448959249496,0.0006212138514602,reg:squarederror,42,hist,8
147,147,373.9626793717729,484,0.8724131554379713,5000,0.0199242023576289,8,0.6716316268993227,0.9447057448090356,0.6169209046251165,1.4745986408378864e-08,34.77722085295001,0.5741034047862268,reg:squarederror,42,hist,8
148,148,352.72969768659215,283,0.848391913416121,5000,0.0561151254811089,9,9.132011926166909,0.7670775839373922,0.6460693490655193,1.5406678898482592e-08,2.2310348960796267,0.1628918624086324,reg:squarederror,42,hist,8
149,149,357.4790192807117,271,0.8627947823507911,5000,0.0637088122811641,8,0.7172627268692343,0.9377937439258788,0.6973265899290935,0.0019945346924608,5.58335305056421,3.646701970648877e-05,reg:squarederror,42,hist,8
150,150,351.5832078741976,610,0.8494165671886549,5000,0.0253324102017214,8,1.238678609490684,0.9116471474413058,0.6305517509892085,0.0050005986892863,5.756780172634745,5.560749819233359e-07,reg:squarederror,42,hist,8
151,151,374.6477740482303,35,0.8613811203069408,5000,0.1023048469115369,8,9.825622410617402,0.9275794406099408,0.9260148023000055,1.3378876368266247e-06,0.9814279925663504,5.962744842249627e-07,reg:squarederror,42,hist,8
152,152,366.8500449013832,764,0.8686781275262738,5000,0.0607769846115159,4,1.032672507329438,0.909139235699024,0.7976468100069555,0.0616612645818432,16.54719190192648,0.0001096850185308,reg:squarederror,42,hist,8
153,153,368.7541245979306,29,0.8692570634010454,5000,0.1593501258417682,8,17.20805024499117,0.8508869627599087,0.6603829605572308,4.116956957114435e-08,3.831652648445538,5.313539534855135e-06,reg:squarederror,42,hist,8
154,154,389.68261698748864,1316,0.8879972455876455,5000,0.0227697719209316,3,2.1124016962373573,0.6296762624693151,0.7846969945785817,2.180043754268755e-08,2.7317767428560598,3.834363601852733e-06,reg:squarederror,42,hist,8
155,155,372.3080469470245,1065,0.8756859654559666,5000,0.0689811474278158,4,6.2022310262728615,0.802827126933582,0.7850846635709089,0.0009746469813527,19.169271076213118,1.1558218227773176,reg:squarederror,42,hist,8
156,156,366.4827751235837,207,0.8773412503590666,5000,0.03846954400863,6,1.8650617689885345,0.7902516111772278,0.6603444306782554,3.6046516468410295e-08,0.805329779755495,1.2363502061911262,reg:squarederror,42,hist,8
157,157,361.5304642501808,1591,0.867529420388286,5000,0.0279783982689961,4,3.945794310284234,0.6690235645745459,0.6990974894393137,8.706116388862144e-05,3.782801807344872,0.0005066783147576,reg:squarederror,42,hist,8
158,158,366.0266428652905,330,0.867787567188592,5000,0.0160891676945864,8,21.438799055357965,0.7549666238092464,0.9097859154294942,0.0128848535006841,0.6363573130492667,0.0047640813634231,reg:squarederror,42,hist,8
159,159,381.3578358923512,189,0.8734016248510744,5000,0.0272514012799461,8,0.7362340057038503,0.8713517379360324,0.7136587895512455,0.0326289347191998,10.282487190538916,1.4357680158800064,reg:squarederror,42,hist,8
160,160,353.9627144472269,251,0.8822341808797479,5000,0.1368242369889145,8,0.6980601805087824,0.8654448424024235,0.966698582022848,6.195632339037364e-06,10.258395539174202,0.009103668025756,reg:squarederror,42,hist,8
161,161,363.0903392777083,3002,0.8721398423815094,5000,0.014715328968112,4,1.7760427882165777,0.7506717224225201,0.9166647831454174,0.2082874266242731,10.94467334984558,0.2888223225684797,reg:squarederror,42,hist,8
162,162,367.9394947197948,285,0.8643797296617051,5000,0.0914466938075342,4,7.04206204408091,0.7693625465288415,0.7447312385387138,1.833914231979716e-05,1.1468215628919334,8.467085609430328e-07,reg:squarederror,42,hist,8
163,163,359.4499768760799,44,0.873990231960924,5000,0.1709798146700223,10,1.0974490089692857,0.9999906484412114,0.6619780691777619,4.593343402630644e-06,18.845616608843475,0.0003708577973163,reg:squarederror,42,hist,8
164,164,399.500507277649,852,0.8954147073714799,5000,0.0503799749797933,3,7.515888098839373,0.9505571090170968,0.8472125861974031,0.0023725641817982,1.017362034978477,4.242420420170196e-07,reg:squarederror,42,hist,8
165,165,349.1484887058873,768,0.8574665274176729,5000,0.0796916760978352,5,9.579491438975458,0.6174769711818057,0.7457197656523076,0.0299413283612834,43.46575334191966,0.0031286630932978,reg:squarederror,42,hist,8
166,166,392.4435275751471,181,0.8692946430762516,5000,0.0952540553216058,10,1.3033547300645891,0.6956673988982078,0.9862386548776144,0.1146389385748425,32.130588537065606,5.573725623673257e-07,reg:squarederror,42,hist,8
167,167,361.7761268922011,906,0.8673329014269198,5000,0.0762952544343145,10,3.310600949522616,0.7127086930815102,0.7527489736762842,0.0005586478042893,42.80616397192826,0.224916416900105,reg:squarederror,42,hist,8
168,168,357.3249899781414,396,0.8711905166933486,5000,0.1102712467744814,5,17.836081990127024,0.6208719213044018,0.79223626218473,2.1923453088187364e-05,36.94512262175148,0.0252702066874642,reg:squarederror,42,hist,8
169,169,377.0670720924836,638,0.8787840037562552,5000,0.0469044003673383,4,1.6064054142666475,0.9052467321166764,0.7091165198365427,1.4052573995626787,0.9855242528102534,8.654720393315389e-05,reg:squarederror,42,hist,8
170,170,374.6896008810626,61,0.8892721811690704,5000,0.1703381960075976,6,14.16419574431211,0.953851909487203,0.97218877085051,5.4209094426989166e-05,3.1036871295253685,2.3208837571992935e-05,reg:squarederror,42,hist,8
171,171,362.6050329859192,1245,0.8626307457800071,5000,0.0317990175855673,4,2.320713044342479,0.61127501821126,0.9723303618999812,0.3569329065444004,9.97450547210905,0.1325640419043995,reg:squarederror,42,hist,8
172,172,355.45392665254855,1653,0.86953388474122,5000,0.0151015383901247,7,21.39139730443176,0.7889819732191323,0.9324441943728704,0.0675414520104806,4.337008353540122,0.0034525049862088,reg:squarederror,42,hist,8
173,173,396.0185769560484,238,0.8843551758656542,5000,0.1508508512091613,3,1.425743688395906,0.9339852397129524,0.8195216981775342,0.0350843203571101,5.682154211184204,1.0015710038161507e-07,reg:squarederror,42,hist,8
174,174,363.9740119234443,269,0.8663030169248278,5000,0.0237043906004973,7,0.8234453693567028,0.6953758013839291,0.8555806928691241,0.0040299078464825,0.6677045048945347,0.3389920282586952,reg:squarederror,42,hist,8
175,175,387.3705813865756,522,0.8911034289218154,5000,0.0446984857549099,3,6.64785402673192,0.8300189830122534,0.8874177311169411,4.182614993795085e-06,0.5036150223367643,1.4974225074572813e-05,reg:squarederror,42,hist,8
176,176,363.6464889016997,473,0.8677655324062352,5000,0.0552650556886766,5,7.5914138041976305,0.6342455819949047,0.9898617963808888,4.065499445623568e-08,5.637530376433385,0.0003680859742936,reg:squarederror,42,hist,8
177,177,373.9495750001117,370,0.8697121482248097,5000,0.1931296299788091,3,2.4731804060131046,0.7880540312633944,0.8542683165874521,6.750793179858062,1.607942544979201,1.4001677810614218e-08,reg:squarederror,42,hist,8
178,178,364.3405932637588,306,0.8541578109324149,5000,0.1061422264909438,8,1.3419253844718233,0.8628417600043325,0.6414655469998758,0.0017263541535698,16.305264837984303,1.5873997542465374e-07,reg:squarederror,42,hist,8
179,179,348.2657120644757,756,0.8553111387971776,5000,0.0287310585013465,8,13.980149344152844,0.6700356508206834,0.9116570373913128,0.0001519169028231,12.295565518096724,0.0048486700306256,reg:squarederror,42,hist,8
180,180,373.379353252226,514,0.8822219643926347,5000,0.1137058542979573,4,9.3800773318238,0.9774420602848516,0.6147935160799103,6.521071102005491e-07,19.10682081550129,0.9378070010309404,reg:squarederror,42,hist,8
181,181,365.00178963487576,928,0.8604847894875357,5000,0.0257394716751335,7,4.12477228886168,0.9956490809184494,0.8172122790616744,1.9046881806135685e-06,16.05283870288281,5.247239372302372e-07,reg:squarederror,42,hist,8
182,182,360.9993088525488,3186,0.8665596646612448,5000,0.0291362805805437,3,17.31770324389668,0.7327698745525378,0.6497900032977534,2.051977379134883e-05,30.056820544560967,0.0489518770818449,reg:squarederror,42,hist,8
183,183,361.4480585315742,114,0.8746014760549099,5000,0.1458647043826749,9,2.0036802114354115,0.6747268870359755,0.8768273964450459,2.0235891522238973e-05,19.65856283952712,2.514700465705696e-06,reg:squarederror,42,hist,8
184,184,363.2897882892125,416,0.8606674889621351,5000,0.0128079625224408,9,0.6907392883978558,0.8409813195320909,0.9289365118159548,0.0008114645954154,2.194789433928736,5.255574535084191e-08,reg:squarederror,42,hist,8
185,185,343.84843451099243,370,0.8568128571748312,5000,0.0724228701042622,7,3.1036709840498693,0.8870651645246627,0.6666579088263654,9.88952493724654e-05,3.919487860456719,0.0347799986972936,reg:squarederror,42,hist,8
186,186,356.89374894866074,105,0.8740293950064134,5000,0.1534717168874604,9,1.5387602580725257,0.9920109116777116,0.9791617514412344,4.735550637349944e-08,9.41878926403584,1.861230564935776e-05,reg:squarederror,42,hist,8
187,187,384.6729001112079,180,0.8664768758370489,5000,0.110217331908622,5,24.72712707275801,0.6571117873450198,0.8430291613283422,0.107598874282226,0.5869051709971196,4.0281002218813647e-08,reg:squarederror,42,hist,8
188,188,364.9236159929109,247,0.8547237613347801,5000,0.1030082129950229,8,2.2025638931480884,0.979786844751968,0.6129541295918668,2.404049859123409e-07,3.9702252014194497,2.181125061756937e-05,reg:squarederror,42,hist,8
189,189,370.8342130495417,499,0.8791662691972908,5000,0.0378075322661917,4,5.241912075628564,0.8117839526145159,0.75921361838098,0.0070153061797041,1.5783136427551197,1.0496330894033352e-07,reg:squarederror,42,hist,8
190,190,361.626339791042,314,0.8613925170085424,5000,0.0906014314305995,10,4.1648504454176765,0.9654170023252746,0.6471043981962701,0.0943366286871847,12.79515722344743,8.533630392293412e-07,reg:squarederror,42,hist,8
191,191,414.50031453557045,68,0.9085884416536566,5000,0.0625274285235826,10,1.1347948904600356,0.6542913670922109,0.6296208156706175,3.580199898013932e-07,13.35702666795564,9.448473214120886,reg:squarederror,42,hist,8
192,192,363.4636246489506,76,0.851199074640472,5000,0.1133710082425082,8,7.699990030080865,0.8838161947278352,0.8199988589947562,4.104502693509081e-06,1.99013877232934,2.615454949841895e-07,reg:squarederror,42,hist,8
193,193,357.72572317297033,212,0.8654368321326857,5000,0.083784518121647,5,12.890869791634357,0.8035022980697203,0.6485449820313828,6.439072879417793e-07,0.9478153729886356,0.1298247656374453,reg:squarederror,42,hist,8
194,194,351.94376833934353,2417,0.8411040052688801,5000,0.0108192288532338,8,3.389130422311099,0.9932047830571142,0.6519084918855081,0.9082763823732212,0.6768091397669845,3.832126412324276e-05,reg:squarederror,42,hist,8
195,195,373.58135317089454,374,0.8669521666086991,5000,0.0856548810992146,10,4.302653671155745,0.9076658201498792,0.9293357598033564,4.610589068006315e-08,44.02805165831204,0.0060401441660482,reg:squarederror,42,hist,8
196,196,367.2305215189732,561,0.8569174360723429,5000,0.0384973039638157,8,0.8456065783833887,0.9316214912541596,0.820521377443653,0.001950176476714,17.160632033123647,1.449761692837536e-07,reg:squarederror,42,hist,8
197,197,362.6781313971121,1792,0.8716355031842906,5000,0.0451066807407428,3,15.04210467128946,0.8072408531696065,0.7216498171229871,2.86881561439326e-07,37.02078961910656,1.0696275058630936e-06,reg:squarederror,42,hist,8
198,198,362.0423155647452,52,0.8649010918412063,5000,0.1708850151984265,7,15.964969076989846,0.7002421235927996,0.8540228365550984,0.0009069278518847,0.8898372756950849,5.313998836431333e-06,reg:squarederror,42,hist,8
199,199,356.5838475752804,1125,0.8483738988357002,5000,0.0494391412768668,5,5.640205547280788,0.8322586004561014,0.6684802492223169,0.0041716963258298,31.83990708538057,1.092889565378715e-05,reg:squarederror,42,hist,8
0,200,373.00676362974446,706,0.873952265636428,5000,0.06790682803763562,3,10.412594423600476,0.6979567415213905,0.6558151714100575,8.364819722541105e-08,15.146263000684451,0.0008096527657152722,reg:squarederror,42,hist,8
