trial_in_run,trial_global,cv_rmse_mean,cv_rmse_std,cv_mae_mean,cv_mae_std,cv_r2_mean,cv_folds,selection_metric,selection_score,param__n_estimators,param__learning_rate,param__max_depth,param__min_child_weight,param__subsample,param__colsample_bytree,param__reg_alpha,param__reg_lambda,param__gamma,param__objective,param__random_state,param__tree_method,param__n_jobs,param__early_stopping_rounds,param__eval_metric,param__device
0,0,303.6817401194385,70.36527634127415,141.3193415031888,39.48656152413618,0.8241936504492882,5.0,rmse,303.6817401194385,5000,0.0679068280376356,3,10.412594423600476,0.6979567415213905,0.6558151714100575,8.364819722541105e-08,15.146263000684453,0.0008096527657152,reg:squarederror,42,hist,8,200,rmse,
1,1,314.70194309345914,78.41770007580224,145.62278545657443,42.09505324535893,0.8098577214479217,5.0,rmse,314.70194309345914,5000,0.0586473605003183,3,0.5648770979871255,0.6874551899214414,0.8021421152413449,1.733100418589909e-08,1.2492383432925724,0.0070625240546103,reg:squarederror,42,hist,8,200,rmse,
2,2,279.0808373628645,75.8628070307817,126.68082934648086,42.29920668207215,0.84819982585859,5.0,rmse,279.0808373628645,5000,0.0511664412921314,6,3.145803792480999,0.7112762832922651,0.9477201283171736,0.0674941767032076,1.0430103957532886,6.36106133800241e-05,reg:squarederror,42,hist,8,200,rmse,
3,3,289.2377897416719,70.11132874553519,128.45207689226308,38.61840187900708,0.8394754022163975,5.0,rmse,289.2377897416719,5000,0.022988940193715,6,25.17906654186499,0.7346378180450507,0.6370983373520591,7.420743007191677e-08,24.771866852354822,0.0027135278439339,reg:squarederror,42,hist,8,200,rmse,
4,4,299.2822592235315,74.16754045952665,128.07000653466076,37.706258327644896,0.8275173885461715,5.0,rmse,299.2822592235315,5000,0.1122271912674896,10,4.492257636714323,0.9892463055917482,0.7514137508833414,0.0009297489176577,22.791837133093534,0.0036870393383772,reg:squarederror,42,hist,8,200,rmse,
5,5,283.5813300443044,68.35871488590072,127.09045179123794,37.39129873358872,0.844798685584218,5.0,rmse,283.5813300443044,5000,0.1321619764446547,6,8.949634430885759,0.6183297534622648,0.6911593102606187,4.022459428732787e-06,0.7220278644953136,1.244852733394201e-06,reg:squarederror,42,hist,8,200,rmse,
6,6,282.62711378684287,74.65483991442753,125.7344108997314,39.72962989130224,0.845167750705502,5.0,rmse,282.62711378684287,5000,0.0135333679355704,7,3.2003840729414894,0.9336441706563,0.6650616388624339,1.5755649177599847e-05,10.94763610213834,0.0207196693779305,reg:squarederror,42,hist,8,200,rmse,
7,7,352.5236845044305,57.49594138609146,144.56476564101047,27.40781176151356,0.7619737378506543,5.0,rmse,352.5236845044305,5000,0.0775025543487395,4,6.054761820169987,0.6684554592792388,0.8916507191801397,2.9554420206694097e-07,2.869993332888068,8.048411181200635,reg:squarederror,42,hist,8,200,rmse,
8,8,284.26501963683273,87.4139307853616,128.0774248462474,46.10368507285095,0.8400484550298056,5.0,rmse,284.26501963683273,5000,0.0680234860515252,6,8.247412008548425,0.9371407680759238,0.910399964618498,1.1519473968379427e-06,0.5796562089516792,6.903628811131403e-06,reg:squarederror,42,hist,8,200,rmse,
9,9,294.93764523198047,70.36107718867942,130.61106967938125,37.97565313414746,0.8325010063593968,5.0,rmse,294.93764523198047,5000,0.0223017483358592,6,21.02152145362898,0.8268720205914009,0.8871657082875903,8.196697288414109e-07,4.9823303909256085,0.9165335877855358,reg:squarederror,42,hist,8,200,rmse,
10,10,306.3272481879281,68.65007905695474,133.66085599125108,37.89789971820378,0.8202963635929622,5.0,rmse,306.3272481879281,5000,0.0686071795670953,5,1.4789960141790204,0.6986510030775934,0.8245472536652603,2.3156583090169025e-06,7.381455141076525,1.2033887646665302,reg:squarederror,42,hist,8,200,rmse,
11,11,289.3197046596981,64.75455602463566,127.83657403822762,37.04443019620874,0.8400525918496969,5.0,rmse,289.3197046596981,5000,0.0330850684480682,6,29.67331613450527,0.6553326979563423,0.7974063339558524,0.0633927245687541,26.37398917925305,2.37449836093676e-07,reg:squarederror,42,hist,8,200,rmse,
12,12,291.5794956127094,83.30127333032979,124.31573018322906,38.39110381412166,0.8334196076395483,5.0,rmse,291.5794956127094,5000,0.0161488419100548,9,5.747453523733034,0.7539069246698,0.8383553713444513,0.0001630981331517,1.5914692228786491,0.0009528687099554,reg:squarederror,42,hist,8,200,rmse,
13,13,302.21781819816624,52.518934227674585,135.4875995610958,32.305749487676096,0.8258416696807069,5.0,rmse,302.21781819816624,5000,0.1683180997576233,4,8.149935082425085,0.8147881321635181,0.7067300759810171,0.0058702444582254,0.8357460863155058,8.182523401223881e-05,reg:squarederror,42,hist,8,200,rmse,
14,14,288.699145570627,69.69625437499299,128.6461692786271,39.27859345610796,0.839780419702859,5.0,rmse,288.699145570627,5000,0.0389321288167303,7,26.73831544545723,0.904784879620826,0.8030726698417301,9.071882262348913e-08,8.903697395324835,0.3758582899870089,reg:squarederror,42,hist,8,200,rmse,
15,15,292.0654849888632,75.13815579689248,129.03945222742806,40.63179267505931,0.8354168711263664,5.0,rmse,292.0654849888632,5000,0.0457598547373222,6,0.9348487266333708,0.9050043200300604,0.8157516120478503,0.1017743430431989,5.750125833533492,1.0119220634419168e-08,reg:squarederror,42,hist,8,200,rmse,
16,16,315.80590981013347,71.92417764558337,145.24230312518426,41.02288516251098,0.8099549650134283,5.0,rmse,315.80590981013347,5000,0.0264080755291022,3,0.7904742733024165,0.7451923068723734,0.9941285515775248,0.1823783335807071,1.5061721917225104,1.4717848631361077e-06,reg:squarederror,42,hist,8,200,rmse,
17,17,294.58098134363274,61.46965900498753,135.092919730681,36.55608186863292,0.8353786481295244,5.0,rmse,294.58098134363274,5000,0.0547202914675989,4,0.7100268911177512,0.7943961853266455,0.6276850073873534,0.0700518303624229,17.007436688860963,1.4306163380277744e-07,reg:squarederror,42,hist,8,200,rmse,
18,18,288.57930914765564,76.53539374462892,131.36359400871825,41.21446067609444,0.8384845792621339,5.0,rmse,288.57930914765564,5000,0.0415294931075672,5,1.4800649720137051,0.9489732164341028,0.7692551760803548,8.057194525523433e-07,5.991867234883033,0.0371004879726254,reg:squarederror,42,hist,8,200,rmse,
19,19,288.5270974297246,79.99834473321992,127.2487026214292,41.26215354954515,0.8377426027394874,5.0,rmse,288.5270974297246,5000,0.0182685285032141,7,2.561171505887772,0.8686747838553133,0.7493682010117175,1.2488974008890656,3.998916051060295,1.7027485651691812e-06,reg:squarederror,42,hist,8,200,rmse,
20,20,308.6076742189931,76.86880602365561,140.18910980006564,40.53772063933536,0.8173879239988814,5.0,rmse,308.6076742189931,5000,0.0121143359065351,3,5.559962823188681,0.6920458930386308,0.6880869537806238,4.354494778085529e-08,9.144835946631543,1.14941286648282e-06,reg:squarederror,42,hist,8,200,rmse,
21,21,346.08121731526774,83.13781300901668,140.22535696011178,36.7244591049682,0.7665200368766183,5.0,rmse,346.08121731526774,5000,0.1506532814189932,8,0.6682901955196381,0.6952018537475981,0.8675911113185122,8.474835289430796e-07,0.9195888605247026,2.6280169696488085,reg:squarederror,42,hist,8,200,rmse,
22,22,305.6938392261218,80.41773929727296,127.47252224354128,37.02912634499348,0.8187195952378679,5.0,rmse,305.6938392261218,5000,0.0553279008389137,10,1.3522464648290151,0.7891891771778374,0.7628239845943746,7.062072445734645e-08,10.39765739803176,1.5441095155327943e-05,reg:squarederror,42,hist,8,200,rmse,
23,23,310.5377548243979,75.83853756642675,144.32279504650856,42.52147695605101,0.8151976559698394,5.0,rmse,310.5377548243979,5000,0.034265446271978,3,7.87615067929748,0.9936660845463864,0.6393671484607836,4.203311141164952e-05,2.385476898593495,0.5689221297915671,reg:squarederror,42,hist,8,200,rmse,
24,24,289.499448386411,72.14700783499003,126.57336319427816,37.95512670608088,0.8386826246954723,5.0,rmse,289.499448386411,5000,0.0210624723961392,6,4.493318338853399,0.6560729188379097,0.6733952143148932,0.0001457647847389,28.050584321878148,4.7694027235377634e-08,reg:squarederror,42,hist,8,200,rmse,
0,25,311.28198214382496,61.614060534160394,142.03247218611483,37.34371112200885,0.81725353088295,5.0,rmse,311.28198214382496,5000,0.06790682803763562,3,10.412594423600476,0.6979567415213905,0.6558151714100575,8.364819722541105e-08,15.146263000684451,0.0008096527657152722,reg:squarederror,42,hist,32,200,rmse,cuda
1,26,309.7636584300143,73.35176439613535,143.2764112010891,39.71945349913706,0.8167389480313908,5.0,rmse,309.7636584300143,5000,0.058647360500318345,3,0.5648770979871255,0.6874551899214414,0.8021421152413449,1.733100418589909e-08,1.2492383432925724,0.0070625240546103776,reg:squarederror,42,hist,32,200,rmse,cuda
2,27,285.27773501096937,78.2727432141949,127.50483485025521,41.31087582898584,0.8412023453652477,5.0,rmse,285.27773501096937,5000,0.05116644129213146,6,3.1458037924809994,0.7112762832922651,0.9477201283171736,0.06749417670320762,1.0430103957532886,6.36106133800241e-05,reg:squarederror,42,hist,32,200,rmse,cuda
3,28,291.13724207227085,65.54845277849118,128.55157308007384,37.81520160128326,0.8381901789333499,5.0,rmse,291.13724207227085,5000,0.022988940193715075,6,25.17906654186499,0.7346378180450507,0.6370983373520591,7.420743007191676e-08,24.771866852354822,0.0027135278439339673,reg:squarederror,42,hist,32,200,rmse,cuda
4,29,293.33582397686666,64.70767088164969,126.93473660612463,35.90747629566327,0.8358209211356463,5.0,rmse,293.33582397686666,5000,0.11222719126748966,10,4.492257636714323,0.9892463055917482,0.7514137508833414,0.0009297489176577589,22.791837133093534,0.003687039338377246,reg:squarederror,42,hist,32,200,rmse,cuda
5,30,287.53199088489794,80.42543238762855,129.6285616060451,37.93383468175334,0.8381737838855404,5.0,rmse,287.53199088489794,5000,0.13216197644465477,6,8.949634430885759,0.6183297534622648,0.6911593102606187,4.022459428732787e-06,0.7220278644953136,1.244852733394201e-06,reg:squarederror,42,hist,32,200,rmse,cuda
6,31,286.11927889681056,78.06433590185691,125.83398301020686,40.84068469358381,0.8408610307728278,5.0,rmse,286.11927889681056,5000,0.01353336793557042,7,3.2003840729414894,0.9336441706563001,0.6650616388624339,1.5755649177599847e-05,10.947636102138341,0.020719669377930565,reg:squarederror,42,hist,32,200,rmse,cuda
7,32,355.69616253337927,50.93320147739884,144.6774689162043,26.70230027464734,0.758391117020641,5.0,rmse,355.69616253337927,5000,0.07750255434873952,4,6.054761820169987,0.6684554592792388,0.8916507191801397,2.9554420206694097e-07,2.8699933328880673,8.048411181200635,reg:squarederror,42,hist,32,200,rmse,cuda
8,33,286.371933170153,80.05746680681644,127.31504691540506,41.155687652037244,0.8397584359071374,5.0,rmse,286.371933170153,5000,0.06802348605152528,6,8.247412008548425,0.9371407680759238,0.9103999646184979,1.1519473968379427e-06,0.5796562089516792,6.903628811131403e-06,reg:squarederror,42,hist,32,200,rmse,cuda
9,34,298.3038511281097,66.45456020375453,131.56770656408003,38.05704500930659,0.8294060935312817,5.0,rmse,298.3038511281097,5000,0.02230174833585925,6,21.02152145362898,0.8268720205914009,0.8871657082875903,8.196697288414109e-07,4.9823303909256085,0.9165335877855358,reg:squarederror,42,hist,32,200,rmse,cuda
10,35,299.06844377171484,69.89215709793542,132.19545897079712,37.16181014421427,0.8279834385560111,5.0,rmse,299.06844377171484,5000,0.0686071795670953,5,1.4789960141790204,0.6986510030775934,0.8245472536652603,2.3156583090169025e-06,7.3814551410765255,1.2033887646665302,reg:squarederror,42,hist,32,200,rmse,cuda
11,36,293.034878813079,64.54766633296725,129.7204995386233,37.64953723398237,0.8363543323021092,5.0,rmse,293.034878813079,5000,0.033085068448068265,6,29.67331613450527,0.6553326979563423,0.7974063339558524,0.06339272456875411,26.37398917925305,2.3744983609367598e-07,reg:squarederror,42,hist,32,200,rmse,cuda
12,37,294.99683252169916,85.2978427278356,124.6463942476926,38.831029906684726,0.8291336047986482,5.0,rmse,294.99683252169916,5000,0.016148841910054827,9,5.747453523733034,0.7539069246698,0.8383553713444513,0.00016309813315173232,1.5914692228786493,0.0009528687099554805,reg:squarederror,42,hist,32,200,rmse,cuda
13,38,304.97114871612405,63.81146016313699,139.61102410228082,39.28345878682013,0.8219775835653718,5.0,rmse,304.97114871612405,5000,0.1683180997576233,4,8.149935082425085,0.8147881321635181,0.7067300759810171,0.005870244458225478,0.8357460863155058,8.182523401223881e-05,reg:squarederror,42,hist,32,200,rmse,cuda
14,39,290.2074883921382,68.26639825288251,129.2576152499414,39.93855157649155,0.83818655965393,5.0,rmse,290.2074883921382,5000,0.03893212881673033,7,26.73831544545723,0.9047848796208259,0.8030726698417301,9.071882262348913e-08,8.903697395324835,0.37585828998700893,reg:squarederror,42,hist,32,200,rmse,cuda
15,40,296.3619122710109,66.58820861804831,129.26977975597816,40.210454156948884,0.8327962840587194,5.0,rmse,296.3619122710109,5000,0.04575985473732228,6,0.9348487266333707,0.9050043200300605,0.8157516120478503,0.1017743430431989,5.750125833533492,1.0119220634419168e-08,reg:squarederror,42,hist,32,200,rmse,cuda
16,41,310.96983746714005,72.8005178777459,143.52932150092542,41.024423226601456,0.8155142456256174,5.0,rmse,310.96983746714005,5000,0.026408075529102248,3,0.7904742733024165,0.7451923068723734,0.9941285515775249,0.18237833358070718,1.5061721917225104,1.4717848631361077e-06,reg:squarederror,42,hist,32,200,rmse,cuda
17,42,295.20070059149356,60.02420589887382,133.03689943130917,36.68465308195266,0.8342590613002235,5.0,rmse,295.20070059149356,5000,0.05472029146759895,4,0.7100268911177512,0.7943961853266455,0.6276850073873534,0.07005183036242298,17.007436688860963,1.4306163380277744e-07,reg:squarederror,42,hist,32,200,rmse,cuda
18,43,289.79141288328987,72.88767649342398,130.57600698325732,40.67318614145357,0.8375491042542722,5.0,rmse,289.79141288328987,5000,0.04152949310756725,5,1.4800649720137051,0.9489732164341029,0.7692551760803548,8.057194525523433e-07,5.991867234883033,0.037100487972625454,reg:squarederror,42,hist,32,200,rmse,cuda
19,44,287.48974765324084,77.31521879689524,126.070748753093,40.26525421131463,0.8395151775477869,5.0,rmse,287.48974765324084,5000,0.01826852850321415,7,2.561171505887772,0.8686747838553133,0.7493682010117175,1.2488974008890656,3.9989160510602946,1.7027485651691812e-06,reg:squarederror,42,hist,32,200,rmse,cuda
20,45,308.2438640662908,77.32473450359906,142.14983696470594,41.753084299551794,0.8178566381628058,5.0,rmse,308.2438640662908,5000,0.012114335906535168,3,5.559962823188681,0.6920458930386308,0.6880869537806238,4.354494778085529e-08,9.144835946631543,1.14941286648282e-06,reg:squarederror,42,hist,32,200,rmse,cuda
21,46,324.9177545664409,65.97117796968335,135.04254091852627,32.614943716028954,0.7976445479514416,5.0,rmse,324.9177545664409,5000,0.15065328141899326,8,0.6682901955196381,0.6952018537475981,0.8675911113185122,8.474835289430796e-07,0.9195888605247026,2.6280169696488085,reg:squarederror,42,hist,32,200,rmse,cuda
22,47,300.3014086135531,75.96038668952147,128.09943164484514,37.324460844230785,0.8261199965297468,5.0,rmse,300.3014086135531,5000,0.05532790083891377,10,1.3522464648290153,0.7891891771778374,0.7628239845943746,7.062072445734645e-08,10.397657398031761,1.5441095155327943e-05,reg:squarederror,42,hist,32,200,rmse,cuda
23,48,310.5293007557856,77.65528303791135,142.9441384781947,42.68745884691577,0.8141175085948744,5.0,rmse,310.5293007557856,5000,0.03426544627197804,3,7.8761506792974805,0.9936660845463865,0.6393671484607836,4.203311141164952e-05,2.385476898593495,0.5689221297915671,reg:squarederror,42,hist,32,200,rmse,cuda
24,49,294.0164215434991,70.23636940378692,127.97625272558498,38.44193817357773,0.8342063721365827,5.0,rmse,294.0164215434991,5000,0.021062472396139214,6,4.493318338853399,0.6560729188379097,0.6733952143148932,0.00014576478473893916,28.050584321878148,4.769402723537763e-08,reg:squarederror,42,hist,32,200,rmse,cuda
25,50,315.37857452477067,71.19196438699653,136.78692374070025,38.11072392681488,0.8082848217564127,5.0,rmse,315.37857452477067,5000,0.11252814963090883,4,0.6150688115977648,0.9997129873650906,0.9344110340319808,5.259764693987713,35.62082471981002,0.4347720427078919,reg:squarederror,42,hist,32,200,rmse,cuda
26,51,290.9749218451865,92.61661035927857,123.60881155499048,40.58684612478913,0.8315303829536209,5.0,rmse,290.9749218451865,5000,0.01645795018660198,10,3.5883771054947693,0.9458601576120862,0.9609771462042195,3.032034178895606e-07,0.5049876545524278,3.2643432437580135e-05,reg:squarederror,42,hist,32,200,rmse,cuda
27,52,311.9194222950001,73.2491352999658,131.67428953805378,35.53127106800013,0.8128514726594283,5.0,rmse,311.9194222950001,5000,0.1604825458385141,10,1.6076306496106023,0.8786366014400651,0.8922021269661864,0.11226742363241242,10.536894415353549,0.00023990688117939252,reg:squarederror,42,hist,32,200,rmse,cuda
28,53,289.062147630824,76.79510817991172,130.37299311563896,43.602863461877234,0.8379039703238715,5.0,rmse,289.062147630824,5000,0.01766293299506803,6,26.392575519434445,0.8316721163265025,0.8168780805497097,0.05392374464216865,0.650579763304375,0.0018096656799203084,reg:squarederror,42,hist,32,200,rmse,cuda
29,54,287.420309192114,82.86737562343468,129.71217702934595,42.166699014475455,0.8380125775237526,5.0,rmse,287.420309192114,5000,0.04510486959109759,5,0.6311179031697486,0.8031313987973674,0.9405370181376486,4.137061665105755e-08,0.6837411704637255,0.570653936837862,reg:squarederror,42,hist,32,200,rmse,cuda
30,55,284.9856215737231,72.67215391396024,127.13079137780225,39.802146930931556,0.8426982095438709,5.0,rmse,284.9856215737231,5000,0.03352155093040231,6,5.350269398561426,0.6158966649156258,0.6327933621979501,0.008248186652322036,6.751866582817443,7.036045087579012e-06,reg:squarederror,42,hist,32,200,rmse,cuda
31,56,289.37458418945124,80.50756924250001,123.30411011893463,37.44442960705387,0.8364513141825813,5.0,rmse,289.37458418945124,5000,0.021840571173108857,8,1.328586176470588,0.7583143387165018,0.8686760891839884,5.011569046449459e-06,2.1444918342435684,0.05844945038414876,reg:squarederror,42,hist,32,200,rmse,cuda
32,57,288.97429044786185,79.94080850091753,123.2130569224917,37.26897786406601,0.8371663651667228,5.0,rmse,288.97429044786185,5000,0.012427414043239528,10,6.360409992107347,0.8251974582555784,0.6399924995698354,0.0006897784736062019,5.137352813754685,1.5563566773252205e-07,reg:squarederror,42,hist,32,200,rmse,cuda
33,58,296.4144830236401,75.00724556376026,135.3069521023877,41.24078836265092,0.830613493168596,5.0,rmse,296.4144830236401,5000,0.02844925925928022,4,18.29976385160711,0.7478108354955536,0.6630987329428928,0.31893677008657356,12.765853450618781,0.003199630968200084,reg:squarederror,42,hist,32,200,rmse,cuda
34,59,301.30497499579826,69.67397231919963,136.4089604408179,37.13864245784455,0.826298070512246,5.0,rmse,301.30497499579826,5000,0.1924951662907255,3,7.700728200402656,0.8218409129958711,0.972702415774431,8.556152513345224e-08,28.52488710684544,2.3999008159265344e-06,reg:squarederror,42,hist,32,200,rmse,cuda
35,60,285.0408794565512,70.28428984705805,130.88451866651795,40.854498226537046,0.8432414646588654,5.0,rmse,285.0408794565512,5000,0.1437285086651125,5,1.5249173952790132,0.8419319308120896,0.8870448748555191,6.797916268065282e-07,9.277819564973473,2.376047479304939e-06,reg:squarederror,42,hist,32,200,rmse,cuda
36,61,305.5717895389707,63.6467534389198,139.84544771754685,37.71831623327766,0.8230305344169068,5.0,rmse,305.5717895389707,5000,0.04321102751115473,3,0.729609768711266,0.7694303090254906,0.7106720895889007,1.0762451362020435e-08,17.426430973368163,0.005420263449130909,reg:squarederror,42,hist,32,200,rmse,cuda
37,62,328.5924904911714,60.818567506336905,135.4714234403043,32.72642831975986,0.7941176242786916,5.0,rmse,328.5924904911714,5000,0.021918541597287292,10,4.785653325614559,0.7710747675922718,0.603867879843336,4.7554841735623945e-08,29.18655193220236,1.3657057692647447,reg:squarederror,42,hist,32,200,rmse,cuda
38,63,290.15177005878405,65.24366079298167,127.63416644615344,37.48944768125438,0.8394257604777172,5.0,rmse,290.15177005878405,5000,0.05126598800821613,8,5.429503511612126,0.6592375142269931,0.6509782077128555,5.947372623028221e-06,31.400241034811213,0.14625163974008948,reg:squarederror,42,hist,32,200,rmse,cuda
39,64,306.5095630314028,67.41036280316477,130.49510566641857,36.42841176239134,0.8212755029277119,5.0,rmse,306.5095630314028,5000,0.13176494240449874,8,1.1817289191278229,0.6998118956891698,0.6411174486687142,0.10496540283492292,29.32509361787131,4.543562521170851e-05,reg:squarederror,42,hist,32,200,rmse,cuda
40,65,297.8529993413859,71.06528942746903,132.8116914234176,38.460870859588745,0.8300815477172818,5.0,rmse,297.8529993413859,5000,0.06419471008719159,5,22.136966252951204,0.6946949328917434,0.6650007068401754,0.1581187124162801,1.1299903768183113,5.1362918536802175e-05,reg:squarederror,42,hist,32,200,rmse,cuda
41,66,295.55302714903905,92.255328350672,125.51649555049701,40.94883144653806,0.8268740112457452,5.0,rmse,295.55302714903905,5000,0.017114081788106864,8,12.307547788243236,0.7646852666206214,0.8679628517152786,0.04125891941344245,1.567849914216561,2.708822741466584e-07,reg:squarederror,42,hist,32,200,rmse,cuda
42,67,293.96324523842725,83.52913918393446,125.49706314097541,37.06121675068352,0.8310396722135509,5.0,rmse,293.96324523842725,5000,0.08173046279058721,9,17.775198524627445,0.9434373005351127,0.6889734870182658,0.22350098958219367,4.164630483758933,5.581074323071908e-06,reg:squarederror,42,hist,32,200,rmse,cuda
43,68,283.1960328473726,74.12252816280125,128.8251908761582,43.05497543176286,0.8442114008661846,5.0,rmse,283.1960328473726,5000,0.10833489115301059,6,1.2455517852466234,0.8640132730994516,0.7593863914259134,3.216825843803259e-06,0.6883534820790816,0.09118842968092912,reg:squarederror,42,hist,32,200,rmse,cuda
44,69,285.7183090415391,73.65235572335659,125.70711652237954,39.532084562814276,0.8422054581794857,5.0,rmse,285.7183090415391,5000,0.02863199745624956,9,8.07710997572389,0.9374644653088323,0.7324599472857628,1.771759687632955e-08,28.382250414975054,2.2435552424310873e-06,reg:squarederror,42,hist,32,200,rmse,cuda
45,70,366.3947005216494,53.00953917570133,146.6778032176798,28.735771760437906,0.7449059020542015,5.0,rmse,366.3947005216494,5000,0.05693307732536725,7,0.5847861625885743,0.8386285019950979,0.7382748446719201,0.11963371904673833,3.730420354149584,7.21311147176448,reg:squarederror,42,hist,32,200,rmse,cuda
46,71,290.34878638352274,73.9913106692637,127.2473417390228,39.58928437171958,0.8372342871673817,5.0,rmse,290.34878638352274,5000,0.01414030033739391,6,1.4187476237043701,0.8835141135336682,0.6006765112874518,2.138831095529925,5.968620943833025,0.02984489067085979,reg:squarederror,42,hist,32,200,rmse,cuda
47,72,288.6253553424291,65.97843014336739,129.6887542614246,40.07075944658415,0.8405500047016732,5.0,rmse,288.6253553424291,5000,0.09232074629794351,6,2.2213186851894124,0.627989524450524,0.8656950739645088,9.37131043029549e-06,2.12227322251256,0.4286842380316687,reg:squarederror,42,hist,32,200,rmse,cuda
48,73,280.55522654698973,67.95280055148268,125.45769186920143,38.13526982633459,0.8489431484786705,5.0,rmse,280.55522654698973,5000,0.08638172763459125,7,3.987590190719043,0.8667571616422918,0.73047316194296,0.018831101652510108,6.423843614033643,5.327958542925151e-07,reg:squarederror,42,hist,32,200,rmse,cuda
49,74,300.11140675778626,81.60176578829414,127.39504420838875,37.388248592336744,0.8246615244442939,5.0,rmse,300.11140675778626,5000,0.07329817117378781,9,8.004675957068281,0.961122218293033,0.8462059663805522,5.111505954976946e-06,6.235114463392488,1.0084478798970921e-08,reg:squarederror,42,hist,32,200,rmse,cuda
50,75,294.13694329797465,80.4935525405694,125.23268780405922,37.03780000790057,0.8314472888874391,5.0,rmse,294.13694329797465,5000,0.023620188100376464,9,12.478662702369567,0.842664628191905,0.7288996918946152,9.463987359136311e-05,11.225985339400486,0.0003986263213835417,reg:squarederror,42,hist,32,200,rmse,cuda
51,76,325.9343375105321,56.96743137848193,138.64257383129524,31.57977434489331,0.7971126474119756,5.0,rmse,325.9343375105321,5000,0.10781360373961969,5,7.421749303190081,0.713514561997211,0.8655415345219994,0.00374409834995843,0.7686779168022719,3.6982559280898943,reg:squarederror,42,hist,32,200,rmse,cuda
52,77,296.12862863227275,73.78270019962673,127.95652728607908,40.27355776830694,0.8309656597646983,5.0,rmse,296.12862863227275,5000,0.020210222356277334,7,1.2543394617410195,0.6796519730906306,0.6097701550907305,1.5980225252435502e-06,4.459053599600244,0.44426208615327806,reg:squarederror,42,hist,32,200,rmse,cuda
53,78,285.0666501383221,74.81010398570703,124.31074151378644,37.780215472063446,0.8425547879993772,5.0,rmse,285.0666501383221,5000,0.012438033171025398,9,18.82155309499694,0.8302683597637273,0.8873383661995955,2.85631569679262e-05,3.1497474288452287,2.128835509887914e-07,reg:squarederror,42,hist,32,200,rmse,cuda
54,79,305.8867709642001,64.86849654388747,140.50130482209337,36.70377553369568,0.8227044820741476,5.0,rmse,305.8867709642001,5000,0.07845441440366238,4,12.109305165640297,0.6875364547249277,0.9216439424692572,0.018331837028372336,4.246877885447779,0.001039087562007494,reg:squarederror,42,hist,32,200,rmse,cuda
55,80,339.3904168079765,55.222172874551504,142.382234508745,30.162246503429923,0.7800526007481959,5.0,rmse,339.3904168079765,5000,0.1561910012508673,4,3.2406204630636037,0.9205666406889058,0.8670310930345413,7.7809402003031805,7.7602308590711555,3.5510474540440873,reg:squarederror,42,hist,32,200,rmse,cuda
56,81,313.83535259512524,109.75533121956872,132.781039185417,44.28474122519948,0.8002743709996073,5.0,rmse,313.83535259512524,5000,0.14446806915485852,9,14.991587089158807,0.8191487802443314,0.9588832412933048,0.0493059100904672,4.449578550535551,2.151413731411363e-06,reg:squarederror,42,hist,32,200,rmse,cuda
57,82,296.285644756856,97.15160733115515,125.85232702706394,41.690016167545444,0.8243187837567023,5.0,rmse,296.285644756856,5000,0.020973278056818354,7,11.500125098234966,0.8085199251311929,0.8506993747927125,2.9605815085456247e-06,0.7143922130739725,3.728664928052669e-06,reg:squarederror,42,hist,32,200,rmse,cuda
58,83,286.6388986856237,73.08150092900918,127.49034897227948,41.24676527371303,0.8413663717670327,5.0,rmse,286.6388986856237,5000,0.022568853871753003,8,19.360063778625847,0.6322310630630673,0.6603322632052346,2.8010291718022905e-05,1.0106028938243259,8.425116094051441e-07,reg:squarederror,42,hist,32,200,rmse,cuda
59,84,293.8695861346444,66.45171150820951,126.95955679326019,36.69157819613282,0.8350193329520155,5.0,rmse,293.8695861346444,5000,0.03465417600496361,8,4.611207678301468,0.7663096936412623,0.6827337558057641,6.043543605152073e-05,32.25870737834361,0.001805987449205198,reg:squarederror,42,hist,32,200,rmse,cuda
60,85,300.5471162710238,68.13289686107818,128.7394424741723,37.77366284508282,0.8266162499063086,5.0,rmse,300.5471162710238,5000,0.08033342216775945,9,3.524618465703709,0.9770966629736387,0.7194450609489533,3.235041323342285e-05,30.356597216468977,0.33232119217192474,reg:squarederror,42,hist,32,200,rmse,cuda
61,86,283.41898538328604,75.07054744946558,125.98811246010364,39.04695945039599,0.8440579234044103,5.0,rmse,283.41898538328604,5000,0.05014655497715324,6,3.690760468946801,0.7091741247053026,0.7942567975194001,3.160201895373537e-05,10.882213585970794,0.15250388935777742,reg:squarederror,42,hist,32,200,rmse,cuda
62,87,283.91662584637567,67.46711065120326,126.569302337921,37.2808520295711,0.8453456961114849,5.0,rmse,283.91662584637567,5000,0.08753499163813278,10,21.580131507474512,0.9922887910075693,0.8136494518130017,1.4533150242679005,7.634059764838233,0.009268251529576586,reg:squarederror,42,hist,32,200,rmse,cuda
63,88,301.79297907040944,76.4823036445059,124.38057131761623,36.41769085887027,0.8246127388269311,5.0,rmse,301.79297907040944,5000,0.012859324814564876,9,0.8714936303177158,0.7846793776206047,0.620113853395451,2.58187241614707e-05,1.3252279068920516,8.742029021887153e-06,reg:squarederror,42,hist,32,200,rmse,cuda
64,89,295.744739037497,78.11090688623301,125.86844906704964,36.49414478728737,0.830210820585686,5.0,rmse,295.744739037497,5000,0.09780987042314455,9,1.5622565470223906,0.9804816479442247,0.7686259307034955,0.32673693758601313,4.360975800765336,0.05510846949954847,reg:squarederror,42,hist,32,200,rmse,cuda
65,90,293.92629369321065,86.85758607409562,123.614036235497,39.53813161591655,0.829769343671907,5.0,rmse,293.92629369321065,5000,0.011688665722412136,8,1.2521920110587252,0.6274473481811077,0.9829142411105474,2.3031553783317882e-08,0.5768063091698953,1.6809304078391898e-06,reg:squarederror,42,hist,32,200,rmse,cuda
66,91,300.0864849085198,68.39523385819916,132.74147229268016,38.88214278468495,0.8274693410773502,5.0,rmse,300.0864849085198,5000,0.1235554487087098,5,1.3278193432731185,0.7894244243784512,0.6457557784437226,3.3869844281014423,4.256356256528504,2.023919659899647e-06,reg:squarederror,42,hist,32,200,rmse,cuda
67,92,290.4401814731931,67.22612102209294,130.92978510846547,37.117033317415746,0.838602264212863,5.0,rmse,290.4401814731931,5000,0.0301956016266256,4,12.078183384772629,0.6655063240668796,0.7244155678394399,0.001614963058793687,36.036644140112266,0.0015211447949686947,reg:squarederror,42,hist,32,200,rmse,cuda
68,93,292.8869459696366,65.5518489925653,126.69705724638064,37.52590078832575,0.8364283167916939,5.0,rmse,292.8869459696366,5000,0.15183407897135262,9,2.5367729347788615,0.8860058820197874,0.630398591137224,0.016425921515419176,8.983690790537768,8.262505260826646e-08,reg:squarederror,42,hist,32,200,rmse,cuda
69,94,294.76943608507105,58.340142667830364,133.74662310845878,35.845067558999666,0.8355856251800319,5.0,rmse,294.76943608507105,5000,0.10116279093609568,4,13.025140753872266,0.8263730221469263,0.6164276520824544,0.0006233144682921815,10.519926020030416,4.174559242807318e-08,reg:squarederror,42,hist,32,200,rmse,cuda
70,95,319.06505152594633,68.61605151125109,142.6931702855252,39.5553442609259,0.8064266436755613,5.0,rmse,319.06505152594633,5000,0.06957820123903083,3,16.204810912229295,0.9289323672360232,0.6422155482575994,4.436986475474871,9.335556604045808,0.28731996113943736,reg:squarederror,42,hist,32,200,rmse,cuda
71,96,299.23867303004516,69.06845167915456,129.69297619543335,38.3055085560102,0.8287078044559907,5.0,rmse,299.23867303004516,5000,0.08322039286201242,9,1.0284144304655427,0.8086986987753919,0.8601829656066966,0.003493101349175636,34.530694892683016,0.093707219877504,reg:squarederror,42,hist,32,200,rmse,cuda
72,97,284.37126950281333,72.0545339086648,124.59524010480573,39.03670532152984,0.843859572659509,5.0,rmse,284.37126950281333,5000,0.040254526364725346,7,1.8710108309811222,0.6981980676374764,0.9738487514456,3.238577115499352e-06,3.9863369457408426,0.05679191804448095,reg:squarederror,42,hist,32,200,rmse,cuda
73,98,294.54715926262924,82.17959215057095,125.03237825842794,37.58573251465973,0.8301811076117518,5.0,rmse,294.54715926262924,5000,0.0551304428075138,9,1.98213885374363,0.7977226014463688,0.7300056671555037,0.00024431458355225847,2.562240766151663,2.114324682391516e-06,reg:squarederror,42,hist,32,200,rmse,cuda
74,99,284.5114089532236,73.84211991671225,126.03982562994767,40.239698042905516,0.8433642151470325,5.0,rmse,284.5114089532236,5000,0.023112348716893973,7,4.866878625751783,0.8066509006859737,0.6764225694108396,1.4866353427464272e-06,3.2495726712252293,0.0009921695727730085,reg:squarederror,42,hist,32,200,rmse,cuda
75,100,294.2932542919607,87.02672841391731,124.17358608658765,39.42559733637053,0.8294363513207017,5.0,rmse,294.2932542919607,5000,0.020543226266747837,10,7.0385476186543965,0.7963285340314344,0.917173147252927,6.878284813924007e-08,1.387275783660552,0.016830010915848237,reg:squarederror,42,hist,32,200,rmse,cuda
76,101,287.83387211743553,83.0755385681117,122.80597642308283,37.84489427970646,0.8376563763640276,5.0,rmse,287.83387211743553,5000,0.025025526897169883,8,3.4713526410631044,0.8123687724583071,0.770201525082086,0.05169147566907918,2.293784420844969,0.021168714207338693,reg:squarederror,42,hist,32,200,rmse,cuda
77,102,300.60295871431015,73.47163440923738,128.44863082691023,38.90282844705451,0.8264658263980336,5.0,rmse,300.60295871431015,5000,0.022514919463291875,7,1.2849952157852509,0.8885137325304278,0.7262191776023946,0.04852098098633447,39.87724303119593,0.016273163475761687,reg:squarederror,42,hist,32,200,rmse,cuda
78,103,312.56634799555866,77.35812966819323,131.30881366201012,36.88200864338787,0.8114908348160237,5.0,rmse,312.56634799555866,5000,0.01775008966662781,10,1.551058441821485,0.8358347623843163,0.904083158149233,0.0023502640879525657,45.70789965303839,0.3116414884509017,reg:squarederror,42,hist,32,200,rmse,cuda
79,104,307.65567776195695,70.3676002790195,130.29907730312394,36.56635088064771,0.8194857631965624,5.0,rmse,307.65567776195695,5000,0.024289889259946257,8,1.0424235389468282,0.6056593469024255,0.8136540357070653,2.9430791435600333e-06,44.41808865062944,0.0009555000215533508,reg:squarederror,42,hist,32,200,rmse,cuda
80,105,275.7150453988096,72.48459171184106,127.85620151951696,40.9171330998104,0.851842680432943,5.0,rmse,275.7150453988096,5000,0.08079062124366841,5,6.8108094374947,0.9011168703165016,0.6410350587151042,1.2894028635718723e-08,1.852032734855968,0.00020343603250539284,reg:squarederror,42,hist,32,200,rmse,cuda
81,106,317.07737956203596,69.60512632280181,145.04327668700637,40.63868442161144,0.8094328578868077,5.0,rmse,317.07737956203596,5000,0.027750361051043664,3,1.4057716156014541,0.9446891858510053,0.6456348562899697,3.873387226530877e-08,4.813523815903324,0.001560236409165756,reg:squarederror,42,hist,32,200,rmse,cuda
82,107,306.01123253199023,68.01691717228115,132.28494579573095,38.22814928312533,0.8213213634896219,5.0,rmse,306.01123253199023,5000,0.07817958582165632,5,0.9210132448610953,0.8251358388338257,0.7215342047368911,8.81582791970428,0.8627264810860926,0.07585618688483248,reg:squarederror,42,hist,32,200,rmse,cuda
83,108,281.4845634126665,72.44186176213047,127.7075127598404,39.44410604516699,0.8466290644189606,5.0,rmse,281.4845634126665,5000,0.06149466658446372,6,11.97485992154778,0.7521512104586198,0.9634017510495215,4.744366084519235e-06,7.516579960179839,7.235499623567084e-05,reg:squarederror,42,hist,32,200,rmse,cuda
84,109,313.3885635349511,73.41461240970742,144.41267869314737,38.809331936538555,0.8127122607855364,5.0,rmse,313.3885635349511,5000,0.054929291543929844,3,6.067167336193634,0.896035722193818,0.9790360801301512,7.414658484086663e-07,1.3213576851406017,0.008787255105654783,reg:squarederror,42,hist,32,200,rmse,cuda
85,110,283.8904767724089,76.68568208036237,128.46210087250068,40.83859466906293,0.843242985035366,5.0,rmse,283.8904767724089,5000,0.016007959966351865,5,4.791767151341255,0.6626130461772552,0.7634070290640107,0.0160081159773202,4.353063098149289,1.9667932015369068e-08,reg:squarederror,42,hist,32,200,rmse,cuda
86,111,290.18898610438043,72.51589434805035,127.66065750261453,38.90326760996012,0.8378366550701231,5.0,rmse,290.18898610438043,5000,0.02370462576179534,7,8.891769781354544,0.7816125305628173,0.874953968028497,2.066328664455632,18.820279013878842,0.004222037287094432,reg:squarederror,42,hist,32,200,rmse,cuda
87,112,294.11742705449916,71.44874365726685,130.0702711499435,40.22614205731975,0.8334363503349239,5.0,rmse,294.11742705449916,5000,0.07248013129486926,6,2.850567888339387,0.8178249514842315,0.8590538893609923,1.4986596238339012,22.502580480788996,4.392264970012509e-08,reg:squarederror,42,hist,32,200,rmse,cuda
88,113,290.78171073329315,91.92462250928838,123.77660627054988,39.7282130948005,0.8321018829749098,5.0,rmse,290.78171073329315,5000,0.016438815671402537,7,5.715422015036484,0.9296961205280037,0.9684770115870552,8.961506787496525e-05,4.32878429099762,5.4553260826958296e-06,reg:squarederror,42,hist,32,200,rmse,cuda
89,114,283.2172454394275,70.68271735076621,125.2283053553795,39.267557909808964,0.845409369938326,5.0,rmse,283.2172454394275,5000,0.03339455471580491,7,3.880478056044996,0.7975180877380337,0.6321767407597204,2.2842680095766983e-08,3.6561780132685078,7.959655109230109e-06,reg:squarederror,42,hist,32,200,rmse,cuda
90,115,293.4125109194611,70.44511413817749,136.3366264234052,39.89390456680055,0.8349839914046433,5.0,rmse,293.4125109194611,5000,0.02117074548006088,4,1.276533570363302,0.8697193468688684,0.9442067491269085,0.0019235628698723313,0.5501244112287221,0.07635604413025152,reg:squarederror,42,hist,32,200,rmse,cuda
91,116,356.8471851760322,52.2615776828834,150.73910427928928,33.06698305751641,0.7579171480565081,5.0,rmse,356.8471851760322,5000,0.11713688727262385,3,11.373476491493628,0.6700762911751891,0.8075855363950416,9.551347363575502e-05,1.800044116716162,9.386620816612323,reg:squarederror,42,hist,32,200,rmse,cuda
92,117,291.42071273104364,75.69420322353666,127.3089428603013,38.007974293959855,0.8357166408041738,5.0,rmse,291.42071273104364,5000,0.03690620951167566,10,26.4299769293245,0.7880041579841407,0.7633392373720062,7.753973342550504e-06,0.8094122511045954,2.801713184946357e-07,reg:squarederror,42,hist,32,200,rmse,cuda
93,118,293.654720309108,77.24741856616903,124.24467734923398,35.427168576093244,0.8327614431085992,5.0,rmse,293.654720309108,5000,0.034321211486549257,10,1.6272895575345854,0.9780774158252843,0.9254264138951891,0.0008930370574652403,4.0608955720922415,6.77102495677685e-06,reg:squarederror,42,hist,32,200,rmse,cuda
94,119,290.99821999585964,63.833311325386894,127.45881961366771,37.799040084138745,0.8382488174513757,5.0,rmse,290.99821999585964,5000,0.026338369905242895,9,17.254875928562512,0.9299708813074804,0.6004604269792448,0.6672788487232153,4.19684272302495,3.074940866633499e-08,reg:squarederror,42,hist,32,200,rmse,cuda
95,120,296.41353183778097,70.92152757896027,126.561722662194,36.61367257560812,0.8314717075198008,5.0,rmse,296.41353183778097,5000,0.047261249623455466,10,6.472042212149012,0.9039962144244068,0.6814232953401096,0.0008769538756407279,35.835669783490445,8.770914059342291e-05,reg:squarederror,42,hist,32,200,rmse,cuda
96,121,303.02405666017404,62.14717789275904,137.12213885262275,37.87007861181469,0.8258804163121273,5.0,rmse,303.02405666017404,5000,0.08099239328860149,4,0.5627354043174116,0.8520089108016242,0.9197254933097883,0.02443686141579725,2.091559776260096,1.3276089765238906e-08,reg:squarederror,42,hist,32,200,rmse,cuda
97,122,286.34470569630105,66.16815147893975,128.01132479412422,38.316396577436294,0.8430696383535528,5.0,rmse,286.34470569630105,5000,0.03394752541402691,6,29.063858968154907,0.9651719513936672,0.7845791576715133,1.1407627771626907e-07,23.081091989427854,0.00030575920630600885,reg:squarederror,42,hist,32,200,rmse,cuda
98,123,282.98551508054607,71.59881254866323,125.00469108004225,39.55644872598641,0.8453319185268555,5.0,rmse,282.98551508054607,5000,0.0855701753822117,7,2.7401521435273297,0.7929998307831425,0.788887912761363,0.00012914519566065518,0.9733161762853306,5.193897067357833e-07,reg:squarederror,42,hist,32,200,rmse,cuda
99,124,287.9277613416307,68.07108372420475,128.78422617569615,37.34378960628458,0.8410278056265241,5.0,rmse,287.9277613416307,5000,0.0602293580922038,5,17.1925611679175,0.7104989611288164,0.9160024728012454,5.4260252692797526e-05,36.93743990893244,0.00037122659533046955,reg:squarederror,42,hist,32,200,rmse,cuda
100,125,292.53762679916764,67.08037838590958,129.50949463386542,37.4417762104186,0.8366365946202574,5.0,rmse,292.53762679916764,5000,0.11683137219215123,7,9.772337712516526,0.9349903690425685,0.8319693535533617,0.008698948856085438,26.883833297032602,0.0001044543515652618,reg:squarederror,42,hist,32,200,rmse,cuda
101,126,293.86929706538444,91.45162655604813,124.7912169308166,39.89439486658147,0.8286000981234188,5.0,rmse,293.86929706538444,5000,0.04267196781122245,8,4.790299304821235,0.8173720251834692,0.7821378467466005,7.870388163380022e-06,1.1919958729559652,0.018944617826226463,reg:squarederror,42,hist,32,200,rmse,cuda
102,127,284.8249829156638,71.24675135673685,128.2514852761185,39.085787420631874,0.8435683215154614,5.0,rmse,284.8249829156638,5000,0.05545310690805827,6,16.637594986159506,0.7643100382198312,0.7272705308935199,0.00018062849032996528,33.560648172893224,2.6982384240035457e-05,reg:squarederror,42,hist,32,200,rmse,cuda
103,128,314.6620113431013,66.83740809657269,136.2030309377526,35.951591037546756,0.8109081596660618,5.0,rmse,314.6620113431013,5000,0.19317737692033926,5,3.7996120997542144,0.6148078445382305,0.8009164600531864,0.002049386465789893,27.439148561604572,0.7374173754552954,reg:squarederror,42,hist,32,200,rmse,cuda
104,129,328.1734688526777,76.594445713398,134.5308373813718,36.44797166833617,0.7943238413040834,5.0,rmse,328.1734688526777,5000,0.037398276327196035,10,0.5324273479441354,0.657662166386779,0.9483731885396878,5.365511701785764,0.7057103726644588,0.10807559158514218,reg:squarederror,42,hist,32,200,rmse,cuda
105,130,292.9890948378236,78.85436521979621,123.57655402134466,36.3678658016016,0.8329621830375256,5.0,rmse,292.9890948378236,5000,0.02212088946850407,9,7.152829296653025,0.9407061169402766,0.9409365346263572,0.5421003123497781,2.8773242065010254,7.078649119768409e-06,reg:squarederror,42,hist,32,200,rmse,cuda
106,131,397.78444180419046,33.780057223481776,158.12967416738883,21.03370469698275,0.7016167889113412,5.0,rmse,397.78444180419046,5000,0.086113834614663,10,17.790942560924467,0.6143596399350746,0.6273682988726206,0.004791253524029268,34.739871036292215,9.480545057499153,reg:squarederror,42,hist,32,200,rmse,cuda
107,132,290.732833601468,80.09428183980489,128.02604496929604,43.3371494260897,0.8353730225399503,5.0,rmse,290.732833601468,5000,0.0936624347121163,9,27.453799591119054,0.9041478771977062,0.8815563317316151,8.02721994761481e-08,1.0757208287956526,4.956723828535431e-06,reg:squarederror,42,hist,32,200,rmse,cuda
108,133,288.38927464845267,80.33875876977638,124.28472943838628,37.78026868541536,0.8379367072531686,5.0,rmse,288.38927464845267,5000,0.01090589318433539,8,13.020675104439349,0.7173471103860836,0.7499364359101259,2.042340555116742e-07,5.771685265277863,0.001239802641292467,reg:squarederror,42,hist,32,200,rmse,cuda
109,134,284.7327266130019,75.64642948529855,128.13198625565198,40.75528669428446,0.8425432218039159,5.0,rmse,284.7327266130019,5000,0.10742159775998286,5,1.0239288905190795,0.8437967147554147,0.7530177194467496,0.014067315234202236,4.94657398439621,0.001771797872507751,reg:squarederror,42,hist,32,200,rmse,cuda
110,135,293.08969604876734,88.67851579967744,124.92838849777408,38.78695396902062,0.8305198555442563,5.0,rmse,293.08969604876734,5000,0.020048603673646994,7,3.282130629593496,0.8667362869065922,0.9595634126801285,0.00015391441632236664,1.8803267991884736,0.0008305833834499859,reg:squarederror,42,hist,32,200,rmse,cuda
111,136,288.3806508017501,72.22253178791094,128.0246907552117,40.04815438331062,0.8395970345913668,5.0,rmse,288.3806508017501,5000,0.012476608503192953,8,28.520957477566235,0.7196616996495089,0.9848116291293768,0.016323813042848495,4.098657511326134,5.237150264162184e-06,reg:squarederror,42,hist,32,200,rmse,cuda
112,137,322.26072147063803,67.55059010506578,133.08593527085026,34.97634042701935,0.8025496921694959,5.0,rmse,322.26072147063803,5000,0.19962502594416084,10,0.7737766947870053,0.7525457190630516,0.7435836630308983,4.600992358173343e-06,12.517804467485224,1.5756377623611692e-08,reg:squarederror,42,hist,32,200,rmse,cuda
113,138,307.19950086411313,93.050666044084,130.1566245050266,40.71353784263778,0.813063258569566,5.0,rmse,307.19950086411313,5000,0.12019980553087395,9,1.5382879411287662,0.8263716067822796,0.8743197970936047,0.0503523298402942,0.6266982845109439,0.002868523668791547,reg:squarederror,42,hist,32,200,rmse,cuda
114,139,284.722524774015,79.28941473485322,125.71461115894995,38.88242866957992,0.8417073970104407,5.0,rmse,284.722524774015,5000,0.044285045929191164,7,11.977186088174063,0.6920473563881665,0.920772783018115,9.354936638658383e-07,1.200145726128726,1.8015287629299085e-06,reg:squarederror,42,hist,32,200,rmse,cuda
115,140,287.8861005247062,64.22989635777843,130.2388444114213,38.34367765542382,0.8415260101468137,5.0,rmse,287.8861005247062,5000,0.09616759656556421,5,6.547720844987844,0.9613614816291871,0.8585362435562092,6.031092030553983e-06,3.80729373915882,0.0016449937351815688,reg:squarederror,42,hist,32,200,rmse,cuda
116,141,304.15587256807254,67.29443147553552,135.04148462144013,36.66947305787358,0.8230149925400004,5.0,rmse,304.15587256807254,5000,0.08970611026688818,4,20.7217216769395,0.7306876502856041,0.766201237367511,6.414357359188999e-07,18.70663301582185,0.7729392659229597,reg:squarederror,42,hist,32,200,rmse,cuda
117,142,284.43340326681806,66.7134989059791,126.29029802598184,37.73967332963755,0.8449886861963709,5.0,rmse,284.43340326681806,5000,0.02992206909561805,7,14.985661942102865,0.702788033825305,0.9298759250169629,0.00021708532639362022,20.509118382595613,0.05236416184058379,reg:squarederror,42,hist,32,200,rmse,cuda
118,143,289.8973393634636,64.5047139840924,132.09479008974708,36.00185999311579,0.8397241865403042,5.0,rmse,289.8973393634636,5000,0.027585363121095777,4,3.4019979612954394,0.630119744362703,0.9016605972245342,1.0728333396234495e-06,11.262050068235144,0.011739674961872506,reg:squarederror,42,hist,32,200,rmse,cuda
119,144,305.04798584670664,76.92524016021447,126.46031309300709,37.82093228002217,0.8203542735644842,5.0,rmse,305.04798584670664,5000,0.03288851586746545,8,0.7236726765618348,0.7578298241314848,0.7057834313409695,1.295086066302297e-07,2.7298659501480307,0.05509401612997917,reg:squarederror,42,hist,32,200,rmse,cuda
120,145,312.0695081409264,80.08397617716697,130.3883938043761,35.92256729609301,0.8111132443862001,5.0,rmse,312.0695081409264,5000,0.021932081741294084,9,14.499477649355644,0.9761167567118216,0.6433384408796923,1.2717364525292888e-06,0.5610729141864632,0.9080580376799274,reg:squarederror,42,hist,32,200,rmse,cuda
121,146,285.29714948177735,70.9351668772581,127.20288590621408,38.46760542108439,0.8429713676081987,5.0,rmse,285.29714948177735,5000,0.05375363575165777,6,7.089145577288943,0.8541615689511757,0.7857070145290721,0.02040302159526895,9.941430870243273,1.1222340214010203e-07,reg:squarederror,42,hist,32,200,rmse,cuda
122,147,310.9855668278324,75.82673564973364,139.65150707356284,39.72878589402566,0.8151399908908126,5.0,rmse,310.9855668278324,5000,0.011455065091436942,3,1.7385063070552218,0.7970498475912824,0.6388767994487287,0.9667936221785783,0.9338951107842242,0.00012100235198392653,reg:squarederror,42,hist,32,200,rmse,cuda
123,148,292.9774758544095,71.64673546209737,128.3035106206503,37.82082398438457,0.8350583988441368,5.0,rmse,292.9774758544095,5000,0.07452855181292636,9,5.5379620352675945,0.8906396602228965,0.9541655135598317,0.00783965728080817,23.24642486356825,0.0034743208807454613,reg:squarederror,42,hist,32,200,rmse,cuda
124,149,317.5059561611272,64.76568089348692,134.29055604429675,38.13906870943772,0.8092356233516396,5.0,rmse,317.5059561611272,5000,0.1666234820587273,7,0.5716688268111862,0.7482119834937742,0.7773532344242806,3.589190657757919,25.69628798917497,7.837753875501145e-08,reg:squarederror,42,hist,32,200,rmse,cuda
125,150,320.46141992150694,76.893254070936,134.1549905857159,39.171123587669925,0.8033319151695959,5.0,rmse,320.46141992150694,5000,0.07799927982509783,8,0.640674179092082,0.7103525763446348,0.9872827503745547,3.476138681021947,22.251134976890413,6.684375124763225e-08,reg:squarederror,42,hist,32,200,rmse,cuda
126,151,318.4241692423365,78.28266330353217,145.27865514085542,42.86728722373069,0.8056571926628013,5.0,rmse,318.4241692423365,5000,0.018878002015479546,3,0.6150440852188139,0.7334036625730064,0.9955283615765687,0.12100488403332953,1.2864151752923543,0.29400893908289916,reg:squarederror,42,hist,32,200,rmse,cuda
127,152,279.5491422909571,72.81505607814391,126.19927123251004,38.32132003492793,0.8484517442862375,5.0,rmse,279.5491422909571,5000,0.05260668753664314,6,13.954079063231958,0.6931994716184126,0.909747431121928,0.12525463002787005,7.779170221295407,3.12949032886394e-06,reg:squarederror,42,hist,32,200,rmse,cuda
128,153,286.3099525072947,74.58173119530163,131.44541431078548,38.62272066131277,0.8412796185049979,5.0,rmse,286.3099525072947,5000,0.19065584148190723,5,4.566198577687414,0.9194055294230494,0.6439705391557742,0.6281031863322358,0.9174374485318809,1.6756392047481654e-05,reg:squarederror,42,hist,32,200,rmse,cuda
129,154,298.4346017487618,74.16337583900483,131.1790427252141,42.416553486996406,0.828160323241595,5.0,rmse,298.4346017487618,5000,0.10611409532648687,8,0.5333731600588629,0.7061470033299894,0.6507034174851121,6.14674238960458e-05,0.8438565348092525,3.73269361041837e-08,reg:squarederror,42,hist,32,200,rmse,cuda
130,155,293.50285535152665,74.1567531609008,126.17831462598085,38.49648619238643,0.8338114179316326,5.0,rmse,293.50285535152665,5000,0.03830182785864728,8,4.088695049338741,0.6436216040015382,0.8015354759143285,3.226567735693489,0.6105202566734129,0.11195486325386193,reg:squarederror,42,hist,32,200,rmse,cuda
131,156,286.4548315085241,77.86268033988917,128.66521291408125,38.82208576563537,0.8403086455071886,5.0,rmse,286.4548315085241,5000,0.13426665414617056,7,3.2616615030521023,0.9856104732488115,0.6243301629978023,0.00020456776437284264,3.178370442865473,0.014958135553319485,reg:squarederror,42,hist,32,200,rmse,cuda
132,157,304.9829385361422,81.43179504739958,126.7464699783463,36.502256365391965,0.8195122172112714,5.0,rmse,304.9829385361422,5000,0.04343646614538615,10,0.6755346226225322,0.6323161909643168,0.843318969453376,3.9006779909391194e-08,1.7741976654554268,0.00498529105517486,reg:squarederror,42,hist,32,200,rmse,cuda
133,158,280.69097827505436,70.4081175326979,125.62906783156264,38.62239799712739,0.8481183893883071,5.0,rmse,280.69097827505436,5000,0.05169257529488056,8,2.3783492948776654,0.8389567420797254,0.717959098379956,0.0003547804419397042,3.6255062319703764,0.13736144091801872,reg:squarederror,42,hist,32,200,rmse,cuda
134,159,285.2384373889645,77.68113657661446,125.72305880716299,38.52396554945,0.841564455721468,5.0,rmse,285.2384373889645,5000,0.014088220494812169,6,2.9087032010399936,0.9552364087953972,0.7655254284707653,0.27975188595629047,3.1363922557959927,0.036856370812553815,reg:squarederror,42,hist,32,200,rmse,cuda
135,160,295.5892537798412,71.02385668187011,128.72329454185967,39.89760634822203,0.8317566811534427,5.0,rmse,295.5892537798412,5000,0.025505555014008696,8,7.614342058196057,0.7497204093742147,0.6610555699074895,2.027054015455369,0.6811403695114877,0.3061589757359869,reg:squarederror,42,hist,32,200,rmse,cuda
136,161,295.4080822046259,67.16469000665168,133.05627893273103,37.065566834566575,0.8333287706072667,5.0,rmse,295.4080822046259,5000,0.013221939292953825,4,10.542941844409091,0.7490587437503614,0.6520461814295373,3.466001942196053e-08,40.946732568634914,0.0011354040371941063,reg:squarederror,42,hist,32,200,rmse,cuda
137,162,358.2864298618365,51.73542103952751,144.5198888735374,28.084342276997265,0.7552684597409108,5.0,rmse,358.2864298618365,5000,0.07442303125853907,9,2.126771695357276,0.8661362080011661,0.9001137001005913,0.6498742658402565,13.838574682119296,5.195024831949433,reg:squarederror,42,hist,32,200,rmse,cuda
138,163,312.5994920995261,76.20490534186975,129.80397922903177,36.49210480228153,0.8128737164741875,5.0,rmse,312.5994920995261,5000,0.06041594019545592,8,0.7641655943095362,0.8029650187872016,0.6618920703433046,0.00021862738782946724,24.74683716186119,1.4158783725616118e-05,reg:squarederror,42,hist,32,200,rmse,cuda
139,164,293.32482436904104,70.12434709003753,132.58503536561358,37.03361890808658,0.8348337497492176,5.0,rmse,293.32482436904104,5000,0.05293197149680592,4,11.35006012965846,0.8296400017325851,0.9228885484609377,0.40401403469615405,44.4695985214386,0.232189050663869,reg:squarederror,42,hist,32,200,rmse,cuda
140,165,313.61838861728785,79.35863587311488,143.73735371189287,42.07819891205634,0.8108315904217618,5.0,rmse,313.61838861728785,5000,0.06284594232433426,3,6.051389047727644,0.8631324911995553,0.8773884751422636,1.822126941558792e-08,1.7599923566942481,0.0727253235096569,reg:squarederror,42,hist,32,200,rmse,cuda
141,166,324.44406961386636,100.03344907505124,132.653894979774,42.80492355529013,0.7927871505703723,5.0,rmse,324.44406961386636,5000,0.15810585642157268,8,0.5126571530292254,0.9479450826145752,0.8265284379045506,4.0463094752449216e-05,0.9609909828800265,0.0049951451653201745,reg:squarederror,42,hist,32,200,rmse,cuda
142,167,327.63251611834875,59.23475262069496,135.6046331967761,30.68314231011504,0.7948360685528222,5.0,rmse,327.63251611834875,5000,0.010961899209294568,6,2.332923818834752,0.7814583162692069,0.6629637103380355,6.378760956935565e-06,2.2270798496456927,2.969387088038316,reg:squarederror,42,hist,32,200,rmse,cuda
143,168,308.1504726985796,66.83476339055636,141.0092169454531,38.527868932492105,0.8193398043656831,5.0,rmse,308.1504726985796,5000,0.0596629896710557,3,0.9453978365096567,0.9017743516499942,0.6199049969731828,5.422926869001189e-08,3.8476534841442804,6.548366197462075e-05,reg:squarederror,42,hist,32,200,rmse,cuda
144,169,302.5502848413048,95.55715068470656,127.10514420120543,41.15056583975241,0.8182771433640813,5.0,rmse,302.5502848413048,5000,0.06163453095832007,9,1.5300371302456959,0.9019772574673482,0.6455270032440806,7.39984632312984e-05,1.84273525373526,0.012775452537458222,reg:squarederror,42,hist,32,200,rmse,cuda
145,170,304.9264336387916,81.9171466797507,126.32643293840867,37.27209760146576,0.8197894204839009,5.0,rmse,304.9264336387916,5000,0.04296588967904658,7,0.6021836288039799,0.7581053584350516,0.8397299827777802,1.1726914887265408e-08,2.003589413778127,7.96353353018665e-07,reg:squarederror,42,hist,32,200,rmse,cuda
146,171,286.74885096269725,79.46894171943877,123.53539421279747,38.40027643874172,0.8393036191614062,5.0,rmse,286.74885096269725,5000,0.015085044584496807,7,1.635500881853097,0.6479937374822197,0.7989541314453308,7.514413718403228e-05,0.9064448959249495,0.0006212138514602404,reg:squarederror,42,hist,32,200,rmse,cuda
147,172,312.2719610771807,67.61930096025107,132.1163009854622,37.22230811540936,0.8133192271568136,5.0,rmse,312.2719610771807,5000,0.019924202357628904,8,0.6716316268993227,0.9447057448090355,0.6169209046251165,1.4745986408378864e-08,34.77722085295001,0.5741034047862268,reg:squarederror,42,hist,32,200,rmse,cuda
148,173,293.7975781167809,87.15998561166809,125.89849680624658,38.43882267654541,0.830142111472034,5.0,rmse,293.7975781167809,5000,0.056115125481108974,9,9.132011926166907,0.7670775839373922,0.6460693490655193,1.540667889848259e-08,2.2310348960796267,0.1628918624086324,reg:squarederror,42,hist,32,200,rmse,cuda
149,174,304.55379605455107,76.2938945460824,127.13867406869095,37.32319171349795,0.8214444430101027,5.0,rmse,304.55379605455107,5000,0.06370881228116416,8,0.7172627268692343,0.9377937439258788,0.6973265899290935,0.001994534692460803,5.58335305056421,3.646701970648877e-05,reg:squarederror,42,hist,32,200,rmse,cuda
150,175,288.72378319339134,68.30724851906795,126.06052645536843,37.87268809368406,0.8402389089289592,5.0,rmse,288.72378319339134,5000,0.02533241020172148,8,1.2386786094906839,0.9116471474413058,0.6305517509892085,0.005000598689286314,5.756780172634745,5.560749819233359e-07,reg:squarederror,42,hist,32,200,rmse,cuda
151,176,299.6184810765634,96.47783088911736,127.36622328806956,40.86313463369035,0.8209667748078353,5.0,rmse,299.6184810765634,5000,0.1023048469115369,8,9.825622410617402,0.9275794406099408,0.9260148023000057,1.3378876368266247e-06,0.9814279925663505,5.962744842249627e-07,reg:squarederror,42,hist,32,200,rmse,cuda
152,177,293.7402470300273,65.51668968689626,134.85275469634652,38.163906730587605,0.8352290873046245,5.0,rmse,293.7402470300273,5000,0.06077698461151592,4,1.032672507329438,0.9091392356990241,0.7976468100069555,0.061661264581843234,16.54719190192648,0.00010968501853081016,reg:squarederror,42,hist,32,200,rmse,cuda
153,178,282.2200874808959,72.06356079303997,128.30457734701082,37.57023289307573,0.8458238780214508,5.0,rmse,282.2200874808959,5000,0.15935012584176822,8,17.20805024499117,0.8508869627599087,0.6603829605572308,4.116956957114435e-08,3.8316526484455387,5.3135395348551345e-06,reg:squarederror,42,hist,32,200,rmse,cuda
154,179,315.1091278956208,77.46370638449145,141.64548301114058,41.68386061149776,0.8097604050225012,5.0,rmse,315.1091278956208,5000,0.022769771920931627,3,2.1124016962373573,0.6296762624693151,0.7846969945785817,2.180043754268755e-08,2.7317767428560593,3.834363601852733e-06,reg:squarederror,42,hist,32,200,rmse,cuda
155,180,312.6448881621424,65.33665120840026,138.92171616102885,36.9716486413334,0.8145722739616723,5.0,rmse,312.6448881621424,5000,0.06898114742781586,4,6.2022310262728615,0.802827126933582,0.7850846635709089,0.0009746469813527377,19.169271076213114,1.1558218227773176,reg:squarederror,42,hist,32,200,rmse,cuda
156,181,298.22697295706325,74.00850349927995,129.32080704006984,38.705552814156476,0.828433493171004,5.0,rmse,298.22697295706325,5000,0.03846954400863003,6,1.8650617689885345,0.7902516111772278,0.6603444306782554,3.604651646841029e-08,0.805329779755495,1.2363502061911262,reg:squarederror,42,hist,32,200,rmse,cuda
157,182,289.16611461450333,70.58362327987592,133.61915796074354,39.23166447440823,0.8395048254538355,5.0,rmse,289.16611461450333,5000,0.02797839826899618,4,3.945794310284234,0.6690235645745459,0.6990974894393137,8.706116388862144e-05,3.7828018073448724,0.0005066783147576683,reg:squarederror,42,hist,32,200,rmse,cuda
158,183,291.6410022130034,86.63091344135442,125.12568767839153,38.955829639163795,0.8325166495013828,5.0,rmse,291.6410022130034,5000,0.01608916769458648,8,21.438799055357965,0.7549666238092464,0.9097859154294942,0.012884853500684105,0.6363573130492667,0.0047640813634231205,reg:squarederror,42,hist,32,200,rmse,cuda
159,184,320.6107855058635,63.62278998565778,133.49941333978737,32.984774575502406,0.8035247082464247,5.0,rmse,320.6107855058635,5000,0.0272514012799461,8,0.7362340057038503,0.8713517379360324,0.7136587895512455,0.032628934719199865,10.282487190538916,1.4357680158800064,reg:squarederror,42,hist,32,200,rmse,cuda
160,185,326.59866749380694,78.67513175233819,133.64401272788206,39.07665201290762,0.7961790304532924,5.0,rmse,326.59866749380694,5000,0.13682423698891455,8,0.6980601805087824,0.8654448424024235,0.9666985820228481,6.195632339037364e-06,10.258395539174202,0.009103668025756056,reg:squarederror,42,hist,32,200,rmse,cuda
161,186,292.21662252117653,71.97466158710802,132.9585915667887,39.37825770763952,0.8357331429611101,5.0,rmse,292.21662252117653,5000,0.014715328968112082,4,1.7760427882165777,0.7506717224225201,0.9166647831454174,0.20828742662427313,10.94467334984558,0.2888223225684797,reg:squarederror,42,hist,32,200,rmse,cuda
162,187,302.69490930786594,75.86318848197007,138.90584250161803,39.09881931931929,0.8240426402046586,5.0,rmse,302.69490930786594,5000,0.09144669380753422,4,7.04206204408091,0.7693625465288415,0.7447312385387138,1.833914231979716e-05,1.1468215628919334,8.467085609430328e-07,reg:squarederror,42,hist,32,200,rmse,cuda
163,188,293.26324325616645,76.97404215096691,127.95996894643754,37.9341078859532,0.833056886581808,5.0,rmse,293.26324325616645,5000,0.17097981467002238,10,1.0974490089692857,0.9999906484412114,0.6619780691777619,4.593343402630644e-06,18.845616608843475,0.00037085779731638185,reg:squarederror,42,hist,32,200,rmse,cuda
164,189,323.82823765342783,78.73958371770195,148.1185577407658,42.639032687232714,0.7992076630651234,5.0,rmse,323.82823765342783,5000,0.05037997497979339,3,7.515888098839373,0.9505571090170968,0.8472125861974031,0.0023725641817982195,1.0173620349784773,4.242420420170196e-07,reg:squarederror,42,hist,32,200,rmse,cuda
165,190,294.63687507504994,69.72147517606699,129.76515372941785,39.63137460119125,0.833401262946583,5.0,rmse,294.63687507504994,5000,0.0796916760978352,5,9.579491438975458,0.6174769711818057,0.7457197656523076,0.029941328361283447,43.46575334191966,0.0031286630932978845,reg:squarederror,42,hist,32,200,rmse,cuda
166,191,319.4455319026469,74.37877632063329,133.04956352869831,35.98395348169107,0.8044026860483122,5.0,rmse,319.4455319026469,5000,0.0952540553216058,10,1.3033547300645891,0.6956673988982078,0.9862386548776145,0.11463893857484259,32.130588537065606,5.573725623673257e-07,reg:squarederror,42,hist,32,200,rmse,cuda
167,192,304.570443137405,67.17413509067812,130.8263381003316,35.88472976369059,0.8231078516973552,5.0,rmse,304.570443137405,5000,0.07629525443431452,10,3.3106009495226156,0.7127086930815102,0.7527489736762842,0.0005586478042893641,42.80616397192826,0.22491641690010508,reg:squarederror,42,hist,32,200,rmse,cuda
168,193,298.3432865611245,60.72245847504992,130.76527011122295,35.85573153338306,0.8300581011328882,5.0,rmse,298.3432865611245,5000,0.11027124677448145,5,17.836081990127024,0.6208719213044018,0.79223626218473,2.1923453088187364e-05,36.94512262175148,0.02527020668746423,reg:squarederror,42,hist,32,200,rmse,cuda
169,194,290.85025684945947,68.19725799007891,134.56390160914137,39.24556495386203,0.8377272441993846,5.0,rmse,290.85025684945947,5000,0.046904400367338395,4,1.6064054142666477,0.9052467321166764,0.7091165198365427,1.4052573995626787,0.9855242528102534,8.654720393315389e-05,reg:squarederror,42,hist,32,200,rmse,cuda
170,195,295.4476966021026,66.71759370570967,129.57635711307802,39.72209800692296,0.8329211675494756,5.0,rmse,295.4476966021026,5000,0.17033819600759761,6,14.16419574431211,0.953851909487203,0.9721887708505099,5.4209094426989166e-05,3.1036871295253685,2.3208837571992938e-05,reg:squarederror,42,hist,32,200,rmse,cuda
171,196,295.29090524210557,71.65620066291737,131.8740076951104,37.730596765564165,0.8327021610986136,5.0,rmse,295.29090524210557,5000,0.031799017585567385,4,2.320713044342479,0.61127501821126,0.9723303618999812,0.35693290654440046,9.97450547210905,0.13256404190439958,reg:squarederror,42,hist,32,200,rmse,cuda
172,197,286.09423487991626,72.65685989067104,127.8747441443686,40.980735142193616,0.8420512433585963,5.0,rmse,286.09423487991626,5000,0.015101538390124777,7,21.39139730443176,0.7889819732191323,0.9324441943728705,0.06754145201048066,4.337008353540122,0.0034525049862088393,reg:squarederror,42,hist,32,200,rmse,cuda
173,198,306.8921736265471,64.4098422491453,142.24585075461468,36.94898870400212,0.8216817684318318,5.0,rmse,306.8921736265471,5000,0.15085085120916134,3,1.425743688395906,0.9339852397129524,0.8195216981775342,0.03508432035711017,5.682154211184204,1.0015710038161506e-07,reg:squarederror,42,hist,32,200,rmse,cuda
174,199,292.7656461112084,86.83824127007982,124.43908655166669,39.65123911624516,0.8316880279823975,5.0,rmse,292.7656461112084,5000,0.023704390600497338,7,0.8234453693567028,0.6953758013839291,0.8555806928691241,0.0040299078464825265,0.6677045048945347,0.33899202825869523,reg:squarederror,42,hist,32,200,rmse,cuda
175,200,306.7643545731952,85.51747872207876,141.95527015991956,44.54067639416805,0.816817959528997,5.0,rmse,306.7643545731952,5000,0.04469848575490993,3,6.6478540267319195,0.8300189830122534,0.8874177311169411,4.182614993795085e-06,0.5036150223367643,1.4974225074572811e-05,reg:squarederror,42,hist,32,200,rmse,cuda
176,201,283.8663583415749,73.55523685192938,129.93043702138394,39.94145514428777,0.8437172987384246,5.0,rmse,283.8663583415749,5000,0.055265055688676644,5,7.5914138041976305,0.6342455819949047,0.9898617963808887,4.0654994456235676e-08,5.637530376433385,0.0003680859742936054,reg:squarederror,42,hist,32,200,rmse,cuda
177,202,318.35484791676896,63.69976192441937,141.77450442768418,36.9127679290268,0.8078180175485062,5.0,rmse,318.35484791676896,5000,0.19312962997880914,3,2.4731804060131046,0.7880540312633944,0.8542683165874521,6.750793179858062,1.607942544979201,1.4001677810614218e-08,reg:squarederror,42,hist,32,200,rmse,cuda
178,203,300.37240906376405,75.18433916777185,129.33287744483465,38.10965610791367,0.8262953267891561,5.0,rmse,300.37240906376405,5000,0.10614222649094388,8,1.3419253844718233,0.8628417600043325,0.6414655469998758,0.0017263541535698559,16.305264837984303,1.5873997542465371e-07,reg:squarederror,42,hist,32,200,rmse,cuda
179,204,289.7569644124452,67.05536051113397,127.92815781795477,37.6536843099102,0.8389984402319811,5.0,rmse,289.7569644124452,5000,0.028731058501346524,8,13.980149344152844,0.6700356508206834,0.9116570373913127,0.00015191690282313303,12.295565518096723,0.0048486700306256065,reg:squarederror,42,hist,32,200,rmse,cuda
180,205,308.290162979088,67.06006424293027,136.1855999603591,36.69207832000293,0.8177512532795852,5.0,rmse,308.290162979088,5000,0.11370585429795732,4,9.3800773318238,0.9774420602848517,0.6147935160799103,6.521071102005491e-07,19.10682081550129,0.9378070010309405,reg:squarederror,42,hist,32,200,rmse,cuda
181,206,285.14836243461554,80.19192341077895,125.8614617349009,39.841297926251485,0.8414828278872702,5.0,rmse,285.14836243461554,5000,0.025739471675133595,7,4.12477228886168,0.9956490809184494,0.8172122790616744,1.9046881806135683e-06,16.05283870288281,5.247239372302372e-07,reg:squarederror,42,hist,32,200,rmse,cuda
182,207,312.2548594166591,74.61844049366513,141.66217614258738,40.60738460445266,0.8137145043973565,5.0,rmse,312.2548594166591,5000,0.029136280580543707,3,17.31770324389668,0.7327698745525378,0.6497900032977534,2.051977379134883e-05,30.056820544560967,0.048951877081844966,reg:squarederror,42,hist,32,200,rmse,cuda
183,208,295.24362755406486,65.27202040833222,127.78287668983917,36.565732541193604,0.8340018168393065,5.0,rmse,295.24362755406486,5000,0.14586470438267496,9,2.0036802114354115,0.6747268870359755,0.8768273964450459,2.0235891522238973e-05,19.658562839527118,2.514700465705696e-06,reg:squarederror,42,hist,32,200,rmse,cuda
184,209,305.800451394084,74.23642110473888,126.04514836331005,36.04528551502911,0.8209310364769882,5.0,rmse,305.800451394084,5000,0.01280796252244083,9,0.6907392883978558,0.8409813195320909,0.9289365118159547,0.0008114645954154972,2.194789433928736,5.2555745350841906e-08,reg:squarederror,42,hist,32,200,rmse,cuda
185,210,285.3056190881157,75.08885525200864,126.40234516647729,40.00100030019767,0.842207531700881,5.0,rmse,285.3056190881157,5000,0.07242287010426225,7,3.1036709840498693,0.8870651645246627,0.6666579088263654,9.889524937246541e-05,3.919487860456719,0.03477999869729366,reg:squarederror,42,hist,32,200,rmse,cuda
186,211,303.45795478193037,79.07475847696823,128.15488680144117,35.967250873856415,0.8213080342964725,5.0,rmse,303.45795478193037,5000,0.1534717168874604,9,1.5387602580725257,0.9920109116777116,0.9791617514412345,4.7355506373499435e-08,9.41878926403584,1.861230564935776e-05,reg:squarederror,42,hist,32,200,rmse,cuda
187,212,293.9053738703532,72.81414145528521,134.64074166182834,40.5657221723036,0.8330044728660135,5.0,rmse,293.9053738703532,5000,0.11021733190862208,5,24.727127072758012,0.6571117873450198,0.8430291613283422,0.10759887428222602,0.5869051709971196,4.028100221881364e-08,reg:squarederror,42,hist,32,200,rmse,cuda
188,213,290.7102673736776,79.33318013658639,128.30961765507897,40.933140369525255,0.8357093308885833,5.0,rmse,290.7102673736776,5000,0.10300821299502297,8,2.2025638931480884,0.9797868447519679,0.6129541295918668,2.4040498591234087e-07,3.9702252014194497,2.181125061756937e-05,reg:squarederror,42,hist,32,200,rmse,cuda
189,214,291.3453612039485,73.11504250465653,135.80872622364458,40.97138015324122,0.8362605316139066,5.0,rmse,291.3453612039485,5000,0.03780753226619175,4,5.241912075628564,0.8117839526145159,0.75921361838098,0.007015306179704146,1.5783136427551197,1.0496330894033351e-07,reg:squarederror,42,hist,32,200,rmse,cuda
190,215,287.67930891803917,73.23530944245385,124.6450068093437,36.652877426246725,0.8399878709286716,5.0,rmse,287.67930891803917,5000,0.09060143143059954,10,4.1648504454176765,0.9654170023252746,0.6471043981962701,0.09433662868718472,12.79515722344743,8.533630392293412e-07,reg:squarederror,42,hist,32,200,rmse,cuda
191,216,379.43992146347364,40.9893505040591,151.09482035389388,23.027546457441638,0.7279987185923009,5.0,rmse,379.43992146347364,5000,0.06252742852358269,10,1.1347948904600356,0.6542913670922109,0.6296208156706175,3.580199898013932e-07,13.35702666795564,9.448473214120886,reg:squarederror,42,hist,32,200,rmse,cuda
192,217,313.4229393604305,97.68474577931232,131.10067785961058,42.18505831298351,0.8048605599135389,5.0,rmse,313.4229393604305,5000,0.11337100824250822,8,7.699990030080865,0.8838161947278352,0.8199988589947562,4.104502693509081e-06,1.9901387723293398,2.6154549498418947e-07,reg:squarederror,42,hist,32,200,rmse,cuda
193,218,285.01085020091887,67.19743025658306,131.86442974746086,39.53372463306383,0.8440114261117365,5.0,rmse,285.01085020091887,5000,0.08378451812164701,5,12.890869791634355,0.8035022980697203,0.6485449820313828,6.439072879417793e-07,0.9478153729886356,0.12982476563744533,reg:squarederror,42,hist,32,200,rmse,cuda
194,219,289.3237314535616,81.61466154827289,122.83173550207819,37.918329079016075,0.8360992531286783,5.0,rmse,289.3237314535616,5000,0.01081922885323385,8,3.389130422311099,0.9932047830571142,0.6519084918855081,0.9082763823732213,0.6768091397669845,3.832126412324276e-05,reg:squarederror,42,hist,32,200,rmse,cuda
195,220,297.9141192247739,67.30200631231787,127.15440107408062,36.0195890394608,0.8309319749933947,5.0,rmse,297.9141192247739,5000,0.08565488109921464,10,4.302653671155745,0.9076658201498792,0.9293357598033563,4.610589068006315e-08,44.02805165831204,0.006040144166048294,reg:squarederror,42,hist,32,200,rmse,cuda
196,221,307.78445748440106,62.663578336251554,128.64138660791428,36.630965596454196,0.8210319395282626,5.0,rmse,307.78445748440106,5000,0.03849730396381578,8,0.8456065783833887,0.9316214912541596,0.820521377443653,0.0019501764767140166,17.160632033123647,1.449761692837536e-07,reg:squarederror,42,hist,32,200,rmse,cuda
197,222,303.3778518469043,66.22481769213903,139.21440315401935,37.63070094299167,0.8256290560981483,5.0,rmse,303.3778518469043,5000,0.04510668074074281,3,15.04210467128946,0.8072408531696065,0.7216498171229871,2.8688156143932596e-07,37.02078961910656,1.0696275058630936e-06,reg:squarederror,42,hist,32,200,rmse,cuda
198,223,302.26288088011205,74.19574656407397,129.418196217014,34.50783211080086,0.8237600507715197,5.0,rmse,302.26288088011205,5000,0.17088501519842653,7,15.964969076989846,0.7002421235927996,0.8540228365550984,0.0009069278518847231,0.8898372756950849,5.313998836431333e-06,reg:squarederror,42,hist,32,200,rmse,cuda
199,224,287.02678586408524,70.2424179286139,127.66983659464567,37.1742620030263,0.8414139943249902,5.0,rmse,287.02678586408524,5000,0.04943914127686682,5,5.640205547280788,0.8322586004561014,0.6684802492223169,0.004171696325829821,31.839907085380574,1.092889565378715e-05,reg:squarederror,42,hist,32,200,rmse,cuda
